"","surface_protein_gene"
"1","DRD2"
"2","CFTR"
"3","RAB3A"
"4","SLC34A1"
"5","RET"
"6","CDC42"
"7","ALPL"
"8","CDH2"
"9","ADA"
"10","ATP1A2"
"11","LPL"
"12","FSHR"
"13","APP"
"14","ROCK2"
"15","CTNNA1"
"16","TRBC2"
"17","ESYT2"
"18","ESYT3"
"19","IGLC7"
"20","SLC5A10"
"21","CLRN2"
"22","ARHGAP10"
"23","IRGM"
"24","ANO9"
"25","FAM168B"
"26","PXDNL"
"27","CCDC78"
"28","TMEM131L"
"29","TGFBR2"
"30","PSD"
"31","HTR3E"
"32","MEGF11"
"33","IZUMO1R"
"34","PALM3"
"35","TMEM8B"
"36","TRABD2B"
"37","TCAF2"
"38","MFSD2B"
"39","MYMK"
"40","LILRA5"
"41","SHISA7"
"42","IFITM5"
"43","CD300LB"
"44","CLCA1"
"45","GABRR3"
"46","KCNU1"
"47","PIG59"
"48","MYO1G"
"49","FBXW7-AS1"
"50","OXTR"
"51","SMIM1"
"52","PLB1"
"53","TARM1"
"54","KCNJ18"
"55","KLRF2"
"56","SLCO1B3-SLCO1B7"
"57","PRKCE"
"58","SGK1"
"59","FZD9"
"60","GPR25"
"61","MYO1C"
"62","SNAP23"
"63","HAX1"
"64","FXYD1"
"65","KCNK1"
"66","STXBP3"
"67","TLR4"
"68","RHOD"
"69","APBB1"
"70","HAS3"
"71","TNFRSF10A"
"72","GRM8"
"73","BMPR1B"
"74","SIRPB1"
"75","F2RL2"
"76","GPR31"
"77","TULP1"
"78","CLIC1"
"79","SLC28A1"
"80","SLC1A7"
"81","PDE2A"
"82","CCRL2"
"83","PIK3C2A"
"84","GFRA2"
"85","AGRN"
"86","SLC17A3"
"87","BTN3A3"
"88","BTN3A1"
"89","BIN1"
"90","CLDN5"
"91","KRIT1"
"92","UPK2"
"93","CHL1"
"94","DLL1"
"95","CACNA1A"
"96","SDCBP"
"97","DDX3X"
"98","CXCR6"
"99","ACKR2"
"100","GABRP"
"101","PODXL"
"102","FCN1"
"103","PIK3C2B"
"104","DLGAP1"
"105","SH2B2"
"106","CLDN4"
"107","PLPP1"
"108","PLPP3"
"109","NRG2"
"110","SOCS7"
"111","ADGRB1"
"112","AQP7"
"113","C2CD2L"
"114","ASTN1"
"115","GNGT2"
"116","ENPP3"
"117","DVL1"
"118","DVL2"
"119","KCNK3"
"120","IRS4"
"121","PRRG2"
"122","ADAM10"
"123","ITGB1BP1"
"124","CDIPT"
"125","NHERF1"
"126","GABRD"
"127","NRP1"
"128","TNFSF11"
"129","UNC13B"
"130","TNFRSF10C"
"131","TAAR5"
"132","MRAS"
"133","RASGRF2"
"134","FFAR1"
"135","FFAR3"
"136","TM4SF5"
"137","TAX1BP3"
"138","LIN7A"
"139","PCDH17"
"140","NCR3"
"141","CASK"
"142","PLD2"
"143","EREG"
"144","AURKA"
"145","RAB29"
"146","SLC27A2"
"147","PIP5K1B"
"148","PLXNB2"
"149","SYNJ2"
"150","MCF2L"
"151","MUSK"
"152","PLSCR1"
"153","AXIN1"
"154","SLC22A2"
"155","SLC22A1"
"156","OGT"
"157","ALOX15B"
"158","GRM6"
"159","GPR37"
"160","INPPL1"
"161","TMPRSS2"
"162","NCAM2"
"163","GRIN2D"
"164","SLC16A3"
"165","SLC31A1"
"166","ABCC3"
"167","ABCC4"
"168","ABCC5"
"169","GPR42"
"170","PDPK1"
"171","RS1"
"172","CLDN3"
"173","FFAR2"
"174","KCNN4"
"175","ERVK-18"
"176","ASAP2"
"177","FLRT2"
"178","PLXNB1"
"179","PJA2"
"180","ADAM12"
"181","MLNR"
"182","GPR39"
"183","TREH"
"184","LRRTM2"
"185","ADCY6"
"186","AQP9"
"187","MAP3K7"
"188","DHH"
"189","RASA4"
"190","GRID2"
"191","MGAM"
"192","PROM1"
"193","EPB41L2"
"194","TGOLN2"
"195","CACNA1G"
"196","TNFSF12"
"197","SLC26A4"
"198","ATP8B1"
"199","KCNQ3"
"200","KCNQ2"
"201","SGCE"
"202","TNFSF14"
"203","LAT"
"204","RGS14"
"205","CA12"
"206","SYT7"
"207","PSTPIP1"
"208","SPRY2"
"209","GALR2"
"210","HCRTR1"
"211","HCRTR2"
"212","PSCA"
"213","AKAP7"
"214","PLPP2"
"215","SIGLEC6"
"216","CYTH3"
"217","CHP2"
"218","OR1F1"
"219","LANCL1"
"220","HYAL3"
"221","AHCYL1"
"222","SLC28A2"
"223","XPNPEP2"
"224","PRICKLE3"
"225","EXTL3"
"226","TYROBP"
"227","EFNA2"
"228","TMPRSS11D"
"229","ADGRB2"
"230","ADGRB3"
"231","ADCY3"
"232","MGRN1"
"233","SIPA1L3"
"234","ATP10A"
"235","PIP5K1C"
"236","PHLPP1"
"237","FZD6"
"238","GRIN3B"
"239","PPL"
"240","GSDME"
"241","DSCAM"
"242","ACSL4"
"243","CUBN"
"244","NPHS1"
"245","ADCY9"
"246","TLR5"
"247","GFRA3"
"248","DIAPH1"
"249","SNAP91"
"250","SLC16A7"
"251","LPXN"
"252","CTNND1"
"253","SLC24A1"
"254","PLA2G6"
"255","HCN1"
"256","GALR3"
"257","SLC19A2"
"258","GPR37L1"
"259","RAMP3"
"260","SMPD2"
"261","CTNS"
"262","DTNB"
"263","FCGR3B"
"264","LILRB3"
"265","PLCH2"
"266","SRGAP2"
"267","PLXNA2"
"268","SDC3"
"269","ADAM23"
"270","ADAM11"
"271","FZD7"
"272","LRP4"
"273","AOC2"
"274","ATP9A"
"275","MFAP3L"
"276","CLASP2"
"277","COBL"
"278","CPNE3"
"279","ICOSLG"
"280","ATP2C2"
"281","TMEM127"
"282","RTN2"
"283","CDH16"
"284","GLRA3"
"285","SEMA7A"
"286","ATP6V1G1"
"287","ENTPD6"
"288","ENTPD3"
"289","PTP4A3"
"290","SH3BGRL"
"291","TULP3"
"292","SLC43A1"
"293","TECTA"
"294","USH2A"
"295","LGR5"
"296","GPC4"
"297","CLDN11"
"298","TNFRSF21"
"299","CRCP"
"300","LRP6"
"301","LYPLA1"
"302","RP2"
"303","GJB3"
"304","SLC22A3"
"305","TRPA1"
"306","PALM"
"307","ATP6AP2"
"308","ZMYND10"
"309","CIB2"
"310","ATRN"
"311","GABBR2"
"312","DGKI"
"313","ARL6IP5"
"314","DYSF"
"315","FLOT1"
"316","MPDZ"
"317","CPD"
"318","NCR1"
"319","NEURL1"
"320","SLC22A5"
"321","PDE9A"
"322","BEST1"
"323","TRPM2"
"324","STK17B"
"325","AQP8"
"326","CNTN5"
"327","STK10"
"328","BAIAP3"
"329","PLEKHG5"
"330","DDN"
"331","NFASC"
"332","FCHSD2"
"333","SORBS2"
"334","TMEM63A"
"335","LRIG2"
"336","ADGRL1"
"337","ABCA8"
"338","CDK14"
"339","SLCO2B1"
"340","AP2A2"
"341","CLSTN1"
"342","OR2A4"
"343","TJP3"
"344","DIRAS1"
"345","KCNK2"
"346","S1PR2"
"347","CACNA1H"
"348","VAMP5"
"349","UNC5C"
"350","CSPG5"
"351","PCDH8"
"352","STBD1"
"353","ABCC6"
"354","IL18RAP"
"355","KCNH1"
"356","HTR3B"
"357","RASGRP1"
"358","LYPD3"
"359","EPM2A"
"360","ABCB11"
"361","GJB5"
"362","SVIL"
"363","SLC34A2"
"364","GJB6"
"365","FMNL1"
"366","CLDN7"
"367","ABCA1"
"368","CLDN9"
"369","VNN1"
"370","VNN2"
"371","CLDN14"
"372","ADCY5"
"373","RAB3D"
"374","SNAP29"
"375","CRTAM"
"376","CPNE6"
"377","SEMA4F"
"378","AP2A1"
"379","RIGI"
"380","CLDN1"
"381","TSPAN15"
"382","TSPAN12"
"383","MPIG6B"
"384","LY6G6C"
"385","LY6G6D"
"386","WDPCP"
"387","DLGAP3"
"388","SLC16A8"
"389","NCR2"
"390","CD160"
"391","S1PR4"
"392","RECK"
"393","FAM107A"
"394","GOT2"
"395","EGFR"
"396","CA2"
"397","NRAS"
"398","HRAS"
"399","KRAS"
"400","LDLR"
"401","TGFA"
"402","TNF"
"403","IGKV1D-33"
"404","IGKV1-33"
"405","IGKV1-39"
"406","IGKV1-5"
"407","IGKV1D-12"
"408","IGKV2D-28"
"409","IGKV3-20"
"410","IGLV1-44"
"411","IGLV1-47"
"412","IGLV1-51"
"413","IGLV2-14"
"414","IGLV2-23"
"415","IGLV2-11"
"416","IGLV2-8"
"417","IGLV6-57"
"418","CD4"
"419","CD8A"
"420","IGHV1-69"
"421","IGHV1-46"
"422","IGHV3-11"
"423","IGHV3-48"
"424","IGHV3-23"
"425","IGHV3-13"
"426","IGHV3-53"
"427","IGHV3-30"
"428","IGHV3-33"
"429","IGHV3-7"
"430","IGHV3-9"
"431","IGHV2-70"
"432","IGHV2-5"
"433","IGHV4-39"
"434","IGHV4-59"
"435","PIGR"
"436","IGKC"
"437","TRAC"
"438","TRBC1"
"439","IGHE"
"440","IGHG1"
"441","IGHG2"
"442","IGHG3"
"443","IGHG4"
"444","IGHM"
"445","IGHA1"
"446","IGHA2"
"447","IGHD"
"448","HLA-B"
"449","HLA-H"
"450","HLA-DRA"
"451","HLA-DQA2"
"452","HLA-DQA1"
"453","HLA-DRB1"
"454","HLA-DQB1"
"455","MBP"
"456","CHRNA1"
"457","GYPA"
"458","SLC4A1"
"459","AMBP"
"460","TFRC"
"461","ESR1"
"462","OPN1SW"
"463","OPN1MW"
"464","RAF1"
"465","ANXA1"
"466","PRNP"
"467","MAS1"
"468","THY1"
"469","CD74"
"470","CD3D"
"471","KRT1"
"472","HLA-A"
"473","HLA-DPB1"
"474","ERBB2"
"475","NTRK1"
"476","CAPNS1"
"477","CYBB"
"478","GNAI2"
"479","SLC4A2"
"480","GYPC"
"481","ATP1A1"
"482","ATP1B1"
"483","ITGB3"
"484","ITGB2"
"485","S100A8"
"486","PRKCG"
"487","ALPP"
"488","HLA-DQB2"
"489","ITGB1"
"490","HPN"
"491","GYPB"
"492","CD1A"
"493","CD5"
"494","INSR"
"495","LCK"
"496","FYN"
"497","IGKV4-1"
"498","IGHV4-34"
"499","S100A9"
"500","S100A6"
"501","CD2"
"502","CEACAM5"
"503","ENO1"
"504","FCER2"
"505","ITGAV"
"506","P4HB"
"507","FES"
"508","CSF1R"
"509","C8A"
"510","CAPN1"
"511","CHRNG"
"512","ADRB2"
"513","CTSL"
"514","CD3E"
"515","CTSB"
"516","HSP90AA1"
"517","UMOD"
"518","YES1"
"519","LYN"
"520","GJB1"
"521","IGF1R"
"522","RHOC"
"523","NGFR"
"524","CHRM2"
"525","CHRM4"
"526","CD55"
"527","ABCB1"
"528","SLC3A2"
"529","HSP90AB1"
"530","CTSG"
"531","MME"
"532","CD14"
"533","PTPRC"
"534","MELTF"
"535","ADRB1"
"536","HCK"
"537","FCGR3A"
"538","VIM"
"539","GNAI3"
"540","RPSA"
"541","IL6R"
"542","HTR1A"
"543","ABHD2"
"544","CHRM5"
"545","ADRA2A"
"546","ROS1"
"547","CD63"
"548","PKHD1"
"549","ENO2"
"550","CD48"
"551","HMGB1"
"552","GNAO1"
"553","CSF1"
"554","PDGFRB"
"555","CD3G"
"556","FGR"
"557","LCT"
"558","ALPI"
"559","FURIN"
"560","FBXO45"
"561","MYZAP"
"562","IGLC6"
"563","IGLC1"
"564","CFC1"
"565","ADORA3"
"566","IGLC2"
"567","IGLC3"
"568","LYNX1"
"569","TRA"
"570","TRB"
"571","RRAS"
"572","HLA-C"
"573","MAPT"
"574","PRKAR1A"
"575","ALPG"
"576","KIT"
"577","GHR"
"578","CD8B"
"579","HSPA8"
"580","SLC2A1"
"581","SLC2A2"
"582","SLC2A3"
"583","ITGAM"
"584","CHRM1"
"585","CHRNB1"
"586","RALA"
"587","RALB"
"588","LAMP1"
"589","PIM1"
"590","FGFR1"
"591","DMD"
"592","PSKH1"
"593","MS4A1"
"594","CD79A"
"595","FCGR1A"
"596","FCGR2A"
"597","FCER1A"
"598","ACTN1"
"599","ACE"
"600","CDH1"
"601","SRC"
"602","IFITM1"
"603","TDGF1"
"604","LAMP2"
"605","CYBA"
"606","NCAM1"
"607","ATP1A3"
"608","CEACAM1"
"609","HLA-E"
"610","HLA-DRB4"
"611","LCP1"
"612","PRKAR2A"
"613","SLC5A1"
"614","ADRB3"
"615","CD59"
"616","SELL"
"617","FOLR2"
"618","PRF1"
"619","CPM"
"620","SI"
"621","ATP1B2"
"622","AKR1A1"
"623","PLA2G2A"
"624","SLC2A4"
"625","IDE"
"626","IL1R1"
"627","IL2RB"
"628","GABRA1"
"629","BRAF"
"630","GLUL"
"631","ANPEP"
"632","PVR"
"633","IFNGR1"
"634","B4GALT1"
"635","ACP3"
"636","EZR"
"637","ATP6V1B1"
"638","FOLR1"
"639","KCNE1"
"640","CD19"
"641","CSF2RA"
"642","CD1D"
"643","DSP"
"644","MUC1"
"645","ALOX15"
"646","CD44"
"647","SELP"
"648","ITGB4"
"649","PDGFRA"
"650","PECAM1"
"651","KCNA2"
"652","CTLA4"
"653","EPCAM"
"654","DPEP1"
"655","EPB42"
"656","TSHR"
"657","PDE6A"
"658","SELE"
"659","FER"
"660","CD36"
"661","IL7R"
"662","RHOQ"
"663","IFNAR1"
"664","PRKCA"
"665","GJA1"
"666","NPR3"
"667","PRKACA"
"668","CAPN2"
"669","KCNA6"
"670","DES"
"671","GAP43"
"672","HLA-G"
"673","PTPN2"
"674","CHRNB2"
"675","ENG"
"676","FLT1"
"677","ADRA2B"
"678","VCL"
"679","PTPRA"
"680","GABRB1"
"681","GABRG2"
"682","LAG3"
"683","ADRA2C"
"684","ATF4"
"685","EPOR"
"686","CD58"
"687","CD53"
"688","TNFRSF1A"
"689","GGT1"
"690","SLC9A1"
"691","ATP2B1"
"692","CR2"
"693","HLA-DPA1"
"694","CD33"
"695","CD22"
"696","CHRM3"
"697","TNFRSF1B"
"698","RAB3B"
"699","RAB5A"
"700","NPR2"
"701","ATP4A"
"702","ITGAL"
"703","EFNA1"
"704","MAG"
"705","CD247"
"706","ATP6V1B2"
"707","NF1"
"708","ABCB4"
"709","TACR2"
"710","S1PR1"
"711","FPR1"
"712","CNR1"
"713","KITLG"
"714","NT5E"
"715","EPHA1"
"716","DRD1"
"717","C5AR1"
"718","TBXA2R"
"719","ZP3"
"720","VDAC1"
"721","FGFR2"
"722","ERBB3"
"723","DRD4"
"724","DRD5"
"725","CD9"
"726","COMT"
"727","TGM2"
"728","KCNA3"
"729","CDH3"
"730","ACHE"
"731","ENPP1"
"732","FGFR4"
"733","KCNA4"
"734","KCNA5"
"735","FGFR3"
"736","CBL"
"737","PRKACB"
"738","SLC2A5"
"739","CA4"
"740","LHCGR"
"741","MRC1"
"742","IGHV1-2"
"743","ITGA6"
"744","KEL"
"745","ANOS1"
"746","GLRA1"
"747","GLRA2"
"748","CBLN1"
"749","PTPRE"
"750","PTPRZ1"
"751","MCC"
"752","OMG"
"753","CFL1"
"754","ATP2B4"
"755","SLC6A2"
"756","GABRR1"
"757","FCAR"
"758","PRTN3"
"759","IL4R"
"760","EDNRB"
"761","HRH2"
"762","CXCR1"
"763","CXCR2"
"764","APC"
"765","CD24"
"766","FPR3"
"767","FPR2"
"768","GUCY2C"
"769","GRK2"
"770","ADRA1D"
"771","EDNRA"
"772","TACR1"
"773","PTAFR"
"774","ACKR3"
"775","F2R"
"776","MPZ"
"777","FAS"
"778","ATP5F1A"
"779","S100P"
"780","NPY1R"
"781","CD40"
"782","ITGA3"
"783","ITGB8"
"784","MSN"
"785","PTPN3"
"786","CTNNA2"
"787","KLRC1"
"788","KLRC2"
"789","KLRK1"
"790","CNTFR"
"791","STOM"
"792","ANXA13"
"793","MARK3"
"794","DPP4"
"795","CD82"
"796","PDE4A"
"797","IL1R2"
"798","HTR1D"
"799","HTR1B"
"800","HTR2A"
"801","HTR2C"
"802","NMBR"
"803","GABRB3"
"804","GABRR2"
"805","HTR1E"
"806","PTPRM"
"807","TNFRSF8"
"808","CD1B"
"809","CD1C"
"810","GJB2"
"811","PTPN4"
"812","ADORA2A"
"813","ADORA2B"
"814","EPHA2"
"815","EPHA3"
"816","EPHA8"
"817","EPHB2"
"818","TACR3"
"819","LTK"
"820","CASP1"
"821","NOS3"
"822","NOS1"
"823","CD40LG"
"824","AQP1"
"825","CNGA1"
"826","GNA11"
"827","PPP2R1A"
"828","CD6"
"829","FCER1G"
"830","MIP"
"831","BDKRB2"
"832","NKTR"
"833","HLA-F"
"834","AVPR2"
"835","AXL"
"836","SLC6A1"
"837","CHRNA5"
"838","ADORA1"
"839","GRPR"
"840","AGTR1"
"841","SLC7A1"
"842","SSTR1"
"843","SSTR2"
"844","CHRNB4"
"845","HTR1F"
"846","GNRHR"
"847","CALCR"
"848","NTSR1"
"849","PRKAR1B"
"850","PRKAR2B"
"851","CD52"
"852","SSTR4"
"853","SLC5A2"
"854","SLC6A6"
"855","GABRA5"
"856","SLC6A4"
"857","AKT1"
"858","AKT2"
"859","IL2RG"
"860","FCGR2B"
"861","FCGR2C"
"862","CEACAM8"
"863","L1CAM"
"864","ARRB2"
"865","CCKAR"
"866","CCKBR"
"867","VIPR1"
"868","MC4R"
"869","CCR1"
"870","BRS3"
"871","CCR7"
"872","GPR183"
"873","CHRNA3"
"874","CXCR5"
"875","SLC8A1"
"876","GBP1"
"877","SSTR3"
"878","DSG3"
"879","MC5R"
"880","CDH5"
"881","LSP1"
"882","ABCC1"
"883","CD68"
"884","GABRA3"
"885","GRK5"
"886","HTR7"
"887","CNR2"
"888","TRHR"
"889","OR1D2"
"890","CRHR1"
"891","GPC1"
"892","BTC"
"893","USP6"
"894","GJA4"
"895","CTNNB1"
"896","PHB1"
"897","NF2"
"898","RDX"
"899","SSTR5"
"900","ADRA1A"
"901","HRH1"
"902","ADRA1B"
"903","OPRM1"
"904","PTGER4"
"905","APLNR"
"906","DRD3"
"907","SCN1A"
"908","SCN4A"
"909","CLCN1"
"910","TIE1"
"911","ADD1"
"912","ADD2"
"913","BSG"
"914","FLT4"
"915","KDR"
"916","SLC16A2"
"917","GJA5"
"918","GJC1"
"919","ATP6V1E1"
"920","CHRNA7"
"921","BMPR1A"
"922","ACVR1B"
"923","TGFBR1"
"924","ACVRL1"
"925","SCNN1A"
"926","AVPR1A"
"927","IFNGR2"
"928","SPAM1"
"929","GRIK1"
"930","PLA2G5"
"931","CAP2"
"932","ADCY8"
"933","IL6ST"
"934","CEACAM6"
"935","MPL"
"936","CD79B"
"937","ARL4A"
"938","USP8"
"939","SLC26A3"
"940","OPRD1"
"941","OPRK1"
"942","OPRL1"
"943","CASR"
"944","AQP2"
"945","CD200"
"946","RGS2"
"947","P2RY2"
"948","CSK"
"949","SLC19A1"
"950","ADCYAP1R1"
"951","VIPR2"
"952","GRM5"
"953","HTR2B"
"954","CCR2"
"955","MC3R"
"956","CD86"
"957","GRIA1"
"958","GRIA2"
"959","GRIA3"
"960","PI4KA"
"961","EPS15"
"962","DPP6"
"963","TEC"
"964","TXK"
"965","LIFR"
"966","ECE1"
"967","SLC1A3"
"968","SLC1A2"
"969","SLC1A1"
"970","GDF5"
"971","PTGFR"
"972","PTGER3"
"973","PTGIR"
"974","GLP1R"
"975","CTSK"
"976","ALDH3B1"
"977","ZAP70"
"978","SYK"
"979","KIR2DL1"
"980","KIR2DL3"
"981","KIR3DL1"
"982","KIR3DL2"
"983","KIR2DS2"
"984","KIR2DS4"
"985","LPAR6"
"986","CHRNA4"
"987","ABCG1"
"988","PHKA2"
"989","PHKA1"
"990","SLC15A1"
"991","GPR3"
"992","CMKLR2"
"993","CCR10"
"994","GPR4"
"995","XCR1"
"996","HTR3A"
"997","CRK"
"998","NOTCH1"
"999","BDKRB1"
"1000","SLCO1A2"
"1001","NEDD4"
"1002","UTRN"
"1003","IQGAP1"
"1004","GALR1"
"1005","GABRA2"
"1006","GABRB2"
"1007","GCGR"
"1008","SCTR"
"1009","HTR5A"
"1010","P2RY1"
"1011","AVPR1B"
"1012","FASLG"
"1013","SLC6A8"
"1014","MTNR1A"
"1015","KCNJ1"
"1016","KCNJ4"
"1017","GRIA4"
"1018","LIMS1"
"1019","SLC6A11"
"1020","SLC6A9"
"1021","NPBWR1"
"1022","NPBWR2"
"1023","GJA8"
"1024","GLRB"
"1025","GABRA4"
"1026","LEPR"
"1027","PIP4K2A"
"1028","GIPR"
"1029","KCNC1"
"1030","IFNAR2"
"1031","SLC1A6"
"1032","CSNK1D"
"1033","PIK3CG"
"1034","SLC4A3"
"1035","SLC9A3"
"1036","ADGRE5"
"1037","MARCKSL1"
"1038","HCAR3"
"1039","NPY2R"
"1040","PTH2R"
"1041","CX3CR1"
"1042","SLC11A2"
"1043","MTNR1B"
"1044","ARRB1"
"1045","CXCR3"
"1046","PRLHR"
"1047","GPR15"
"1048","ARL4D"
"1049","TMED10"
"1050","NUMB"
"1051","RGS6"
"1052","PSEN1"
"1053","FLT3LG"
"1054","RGS3"
"1055","RGS7"
"1056","GSK3B"
"1057","SEPHS1"
"1058","AGTR2"
"1059","GNAQ"
"1060","GNG4"
"1061","GNG10"
"1062","NPY4R"
"1063","HTR6"
"1064","SLC26A2"
"1065","VASP"
"1066","TNFSF10"
"1067","TUB"
"1068","LRBA"
"1069","RNF144A"
"1070","RAB5C"
"1071","RAB9A"
"1072","RAB13"
"1073","RAB28"
"1074","PDE6C"
"1075","ATP4B"
"1076","SCNN1B"
"1077","SCNN1G"
"1078","SCNN1D"
"1079","BLK"
"1080","MMP16"
"1081","P2RY4"
"1082","CAV2"
"1083","GPC3"
"1084","GPM6A"
"1085","CCR3"
"1086","CCR4"
"1087","CCR5"
"1088","CCR6"
"1089","CCR8"
"1090","CCR9"
"1091","APLP1"
"1092","KCNQ1"
"1093","CLCN2"
"1094","CLCN3"
"1095","CLCN5"
"1096","CLCNKB"
"1097","PLXNA3"
"1098","GPR143"
"1099","TDGF1P3"
"1100","SLC7A2"
"1101","EFNA3"
"1102","EFNA4"
"1103","EFNB2"
"1104","EFNA5"
"1105","DGKQ"
"1106","PPP5C"
"1107","COPB1"
"1108","AP2S1"
"1109","ITGA8"
"1110","SLC5A3"
"1111","PLAAT3"
"1112","SLC16A1"
"1113","USP14"
"1114","ATP12A"
"1115","ATP1B3"
"1116","EPHB3"
"1117","EPHA5"
"1118","EPHB4"
"1119","EPHB1"
"1120","EPHA4"
"1121","EMP2"
"1122","NAPA"
"1123","AIF1"
"1124","SLC12A2"
"1125","SLC12A3"
"1126","GEM"
"1127","RRAD"
"1128","AQP5"
"1129","DIO3"
"1130","F2RL1"
"1131","AQP4"
"1132","NCKAP1L"
"1133","GP2"
"1134","CDH4"
"1135","CDH6"
"1136","CDH8"
"1137","CDH11"
"1138","CDH12"
"1139","CDH13"
"1140","CDH15"
"1141","FCGRT"
"1142","GFRA1"
"1143","P2RX3"
"1144","CAV3"
"1145","ARL4C"
"1146","KCNQ4"
"1147","CLDN15"
"1148","CLDN6"
"1149","CLDN8"
"1150","CLDN17"
"1151","BACE1"
"1152","CLDN18"
"1153","NRG3"
"1154","JAM2"
"1155","SLC8A3"
"1156","EVC"
"1157","RAB38"
"1158","RAB25"
"1159","CLDN2"
"1160","GSDMD"
"1161","RGS8"
"1162","EPPK1"
"1163","ANTXR2"
"1164","NRXN1"
"1165","CLRN1"
"1166","SLC26A5"
"1167","TIRAP"
"1168","NLRP6"
"1169","RAB15"
"1170","LILRA4"
"1171","CD81"
"1172","PLP1"
"1173","ERVFC1"
"1174","ERVFRD-1"
"1175","RAC3"
"1176","ZP1"
"1177","SNAP25"
"1178","RAB8A"
"1179","RAB4B"
"1180","RAB5B"
"1181","CXCR4"
"1182","UBE2D3"
"1183","RAP1B"
"1184","RHOA"
"1185","GNG11"
"1186","RRAS2"
"1187","TSPAN5"
"1188","NCS1"
"1189","ARF6"
"1190","RAB11A"
"1191","RHOB"
"1192","RAP1A"
"1193","GNB2"
"1194","CACNG7"
"1195","RAC1"
"1196","AP2B1"
"1197","VAMP2"
"1198","GNAS"
"1199","GNAI1"
"1200","PPP3R1"
"1201","ERVK-9"
"1202","UBE2B"
"1203","SUMO1"
"1204","GNGT1"
"1205","GNG5"
"1206","RACK1"
"1207","EEF1A1"
"1208","CXADR"
"1209","GPC5"
"1210","GABRE"
"1211","ASIC1"
"1212","DLG4"
"1213","PIP4K2B"
"1214","CLDN10"
"1215","OLR1"
"1216","PRAME"
"1217","BTN3A2"
"1218","CX3CL1"
"1219","JAG1"
"1220","KCNJ10"
"1221","DENND2B"
"1222","PHEX"
"1223","HLA-DRB3"
"1224","S100A12"
"1225","BASP1"
"1226","GPSM2"
"1227","SLC7A9"
"1228","CRB1"
"1229","RHOG"
"1230","VLDLR"
"1231","PKD1"
"1232","LRP2"
"1233","EFNB1"
"1234","ATP11A"
"1235","ATP8B2"
"1236","MPP1"
"1237","CDK5"
"1238","CDK16"
"1239","SPTBN1"
"1240","IL9R"
"1241","SCN7A"
"1242","PMP22"
"1243","ANK2"
"1244","CAP1"
"1245","IFITM3"
"1246","IFITM2"
"1247","IL1RL1"
"1248","SLC7A5"
"1249","MC2R"
"1250","MC1R"
"1251","ATP2B2"
"1252","EWSR1"
"1253","SLC6A3"
"1254","ROR2"
"1255","RHD"
"1256","TNFRSF17"
"1257","CNTN2"
"1258","NRG1"
"1259","DSG1"
"1260","DSC2"
"1261","CACNB1"
"1262","GHRHR"
"1263","TEK"
"1264","DST"
"1265","GNA12"
"1266","CAV1"
"1267","TGFBR3"
"1268","PLAUR"
"1269","PTH1R"
"1270","FOLH1"
"1271","ATP7A"
"1272","NOTCH2"
"1273","PRKCQ"
"1274","CHRNE"
"1275","CD164"
"1276","GAD2"
"1277","PTK2"
"1278","LIPE"
"1279","GRIN1"
"1280","PRKCD"
"1281","CHRNB3"
"1282","ZP2"
"1283","BTK"
"1284","TYRO3"
"1285","CACNG1"
"1286","APLP2"
"1287","FMR1"
"1288","CHRND"
"1289","C1QBP"
"1290","CKAP4"
"1291","ENPEP"
"1292","TJP1"
"1293","PDE4B"
"1294","SCN1B"
"1295","TNK2"
"1296","LRP1"
"1297","RGS1"
"1298","PCDH1"
"1299","PPP3CA"
"1300","CACNB2"
"1301","DDR1"
"1302","SLC20A2"
"1303","ADCY2"
"1304","DMTN"
"1305","PDE4D"
"1306","DSC1"
"1307","CD300C"
"1308","CD47"
"1309","ADCY1"
"1310","SPIRE1"
"1311","SIGLEC14"
"1312","DMPK"
"1313","ABCC8"
"1314","KCNA1"
"1315","SLC10A7"
"1316","SMAGP"
"1317","APOBR"
"1318","BST1"
"1319","BST2"
"1320","KCNMA1"
"1321","KCNH2"
"1322","ZP4"
"1323","STX4"
"1324","MAP4K2"
"1325","MAP3K12"
"1326","CNTN1"
"1327","CDH17"
"1328","MERTK"
"1329","GRIN2A"
"1330","FAP"
"1331","HYAL2"
"1332","PTPRJ"
"1333","EPS8"
"1334","BFSP1"
"1335","ANK3"
"1336","DLG1"
"1337","PTP4A2"
"1338","GRIK2"
"1339","GRIK3"
"1340","TIAM1"
"1341","ARHGAP5"
"1342","PLA2R1"
"1343","TRDN"
"1344","PAK1"
"1345","SLC13A2"
"1346","GRIN2B"
"1347","PRKG2"
"1348","KLRD1"
"1349","GRM1"
"1350","PTGDR"
"1351","STX3"
"1352","CLN3"
"1353","SLAMF1"
"1354","KCNAB2"
"1355","GPR17"
"1356","CDK5R2"
"1357","CRHR2"
"1358","IFIT5"
"1359","SGCG"
"1360","PTPRS"
"1361","SLC14A1"
"1362","MPP3"
"1363","ILK"
"1364","MSLN"
"1365","SNTA1"
"1366","SLC39A6"
"1367","ADAM9"
"1368","TMED1"
"1369","LSAMP"
"1370","ROCK1"
"1371","FZD5"
"1372","GPM6B"
"1373","PICALM"
"1374","MTM1"
"1375","TRPC3"
"1376","ART3"
"1377","BFSP2"
"1378","SERINC3"
"1379","RIPK1"
"1380","CAMK2D"
"1381","PKD2"
"1382","NAE1"
"1383","DGKZ"
"1384","GPR50"
"1385","STIM1"
"1386","MTMR1"
"1387","SLC12A1"
"1388","CDH18"
"1389","PTCH1"
"1390","HTR4"
"1391","TPBG"
"1392","IL10RA"
"1393","AAMP"
"1394","CACNA1S"
"1395","RAPSN"
"1396","ACVR2B"
"1397","ATP1A4"
"1398","ALCAM"
"1399","SHROOM2"
"1400","BMPR2"
"1401","SNTB1"
"1402","CACNA1C"
"1403","CEACAM7"
"1404","KCNC3"
"1405","RAB33A"
"1406","LRP8"
"1407","DAG1"
"1408","DSG2"
"1409","EFR3A"
"1410","SCRIB"
"1411","DOC2B"
"1412","LY6D"
"1413","MAP7"
"1414","ADGRE1"
"1415","CTTN"
"1416","FLOT2"
"1417","PTK2B"
"1418","GPR18"
"1419","FZD2"
"1420","GNA13"
"1421","LRRC32"
"1422","GRM2"
"1423","GRB7"
"1424","KCNJ12"
"1425","NEDD9"
"1426","FGFBP1"
"1427","FAT1"
"1428","SCN5A"
"1429","SLC29A2"
"1430","DSC3"
"1431","IHH"
"1432","INPP5A"
"1433","RASA3"
"1434","BLTP2"
"1435","KANK1"
"1436","MELK"
"1437","DIP2A"
"1438","RFTN1"
"1439","SSPN"
"1440","KCNB1"
"1441","KCNAB1"
"1442","ICAM4"
"1443","FXYD3"
"1444","GRM7"
"1445","GRM3"
"1446","GRM4"
"1447","SLC17A1"
"1448","SLC9A5"
"1449","KIR3DS1"
"1450","KIR2DS5"
"1451","KIR2DS1"
"1452","GPNMB"
"1453","GRIN2C"
"1454","RAB39A"
"1455","SLC10A1"
"1456","NUMA1"
"1457","OPCML"
"1458","SLMAP"
"1459","CLCA4"
"1460","VEPH1"
"1461","SEPTIN2"
"1462","JOSD1"
"1463","SLC39A14"
"1464","KARS1"
"1465","MLC1"
"1466","P2RY6"
"1467","CDK5R1"
"1468","PDIA6"
"1469","AGER"
"1470","PDCD1"
"1471","PGM5"
"1472","PRKD1"
"1473","NECTIN1"
"1474","PTPRR"
"1475","PTPRK"
"1476","RAB35"
"1477","ERBB4"
"1478","RALBP1"
"1479","EPHA7"
"1480","TLR1"
"1481","CYTH1"
"1482","SHB"
"1483","SHH"
"1484","NHERF2"
"1485","TRIP10"
"1486","RHOH"
"1487","DLG2"
"1488","LTB4R"
"1489","GPR68"
"1490","SLC1A5"
"1491","NPY5R"
"1492","CD226"
"1493","ITSN1"
"1494","CHRNA2"
"1495","CHRNA6"
"1496","SLC14A2"
"1497","SCN9A"
"1498","ENTREP1"
"1499","GRIK4"
"1500","ENOX2"
"1501","SLC15A2"
"1502","GABRA6"
"1503","GRIK5"
"1504","PKN1"
"1505","ASIC2"
"1506","RPE65"
"1507","LY6E"
"1508","C3AR1"
"1509","SGCB"
"1510","SGCA"
"1511","CALCRL"
"1512","NKG7"
"1513","NTRK2"
"1514","STX1A"
"1515","OCLN"
"1516","PRSS8"
"1517","MOG"
"1518","ATP2B3"
"1519","DGKD"
"1520","CA9"
"1521","MEP1B"
"1522","DDR2"
"1523","PTPRN"
"1524","AOC3"
"1525","DOK7"
"1526","ECSCR"
"1527","SLC5A12"
"1528","MICB"
"1529","MICA"
"1530","CLEC12B"
"1531","LRRC26"
"1532","BLTP1"
"1533","AAK1"
"1534","TMEM266"
"1535","ABCB5"
"1536","SLC35G1"
"1537","QRICH1"
"1538","SLC4A8"
"1539","HLA-DRB5"
"1540","HFE"
"1541","ANO4"
"1542","PTCHD3"
"1543","GRAMD1B"
"1544","TMEM30B"
"1545","PLA2G4E"
"1546","ARL13B"
"1547","BBS9"
"1548","CCDC88A"
"1549","ZACN"
"1550","PLEKHN1"
"1551","TIGIT"
"1552","SLC36A2"
"1553","USH1G"
"1554","CD300E"
"1555","SLC9C1"
"1556","CDON"
"1557","ANO6"
"1558","SLC22A6"
"1559","TMEM119"
"1560","SLC9B1"
"1561","SEZ6"
"1562","SLC44A4"
"1563","PLEKHO1"
"1564","CYBRD1"
"1565","C2CD6"
"1566","TNFSF6"
"1567","NR2A"
"1568","SDK2"
"1569","CAVIN4"
"1570","UMODL1"
"1571","IGSF11"
"1572","PDZD11"
"1573","XKR4"
"1574","TNFAIP8L3"
"1575","TMEM67"
"1576","ALG10B"
"1577","CRB2"
"1578","RALGPS1"
"1579","AMER1"
"1580","TJAP1"
"1581","KCNT1"
"1582","EPHA10"
"1583","DGKK"
"1584","ENTPD8"
"1585","FFAR4"
"1586","RTP2"
"1587","CLEC12A"
"1588","LY6G6F"
"1589","MUC21"
"1590","FRMPD1"
"1591","FREM2"
"1592","FNBP1L"
"1593","DCST1"
"1594","THEM4"
"1595","TREML2"
"1596","MPP7"
"1597","PDZK1"
"1598","ABCC10"
"1599","GJC2"
"1600","ZFYVE27"
"1601","STXBP5"
"1602","ADGRF1"
"1603","GPRC6A"
"1604","SYT6"
"1605","WLS"
"1606","CPTP"
"1607","COL13A1"
"1608","MAGI3"
"1609","TSPO2"
"1610","PIK3R6"
"1611","ABHD17B"
"1612","OBSCN"
"1613","LRRC38"
"1614","FAM171A1"
"1615","KIAA0319"
"1616","GPR107"
"1617","IL23R"
"1618","MLIP"
"1619","DAB2IP"
"1620","PEAR1"
"1621","RAET1L"
"1622","DENND4C"
"1623","CARMIL1"
"1624","EDG2"
"1625","ZDHHC20"
"1626","ANO1"
"1627","TNS2"
"1628","WASHC2A"
"1629","MUC17"
"1630","STEAP4"
"1631","NCR3LG1"
"1632","MBLAC2"
"1633","FMN1"
"1634","PLA2G4F"
"1635","RNF43"
"1636","FRMPD2"
"1637","ERVK-6"
"1638","SLC6A19"
"1639","SLC9A4"
"1640","PVRIG"
"1641","FCRL6"
"1642","CLEC6A"
"1643","CARMIL2"
"1644","LAIR1"
"1645","RAET1G"
"1646","ASTL"
"1647","LAMTOR1"
"1648","CAPRIN2"
"1649","IQCE"
"1650","ANO7"
"1651","TENM4"
"1652","MFSD5"
"1653","LRRC8E"
"1654","RGMB"
"1655","CAVIN1"
"1656","MAST2"
"1657","CNNM4"
"1658","SLC39A4"
"1659","LRRC8B"
"1660","CNKSR3"
"1661","ABHD17C"
"1662","SLC27A1"
"1663","TMEM88"
"1664","PPIP5K1"
"1665","IYD"
"1666","CNIH2"
"1667","TMEM65"
"1668","KCNIP4"
"1669","KCNV1"
"1670","NCEH1"
"1671","TRAT1"
"1672","RHBDF2"
"1673","CNST"
"1674","GPR179"
"1675","SLC2A7"
"1676","ADGRD1"
"1677","SHC4"
"1678","NHS"
"1679","PAQR6"
"1680","OPN5"
"1681","SLC4A10"
"1682","CSPG4"
"1683","KCNT2"
"1684","CLEC2A"
"1685","ATRAID"
"1686","PRSS55"
"1687","SCIMP"
"1688","PARM1"
"1689","KIRREL2"
"1690","LYPD5"
"1691","ENPP6"
"1692","ENPP7"
"1693","LMBR1L"
"1694","ALKAL2"
"1695","DRAM2"
"1696","CLEC4G"
"1697","SEZ6L2"
"1698","ELAPOR1"
"1699","CD300LG"
"1700","ISLR2"
"1701","ALKAL1"
"1702","GFRAL"
"1703","BAIAP2L2"
"1704","TMIGD1"
"1705","CD300LD"
"1706","UNC5D"
"1707","CEACAM20"
"1708","NPSR1"
"1709","NSMF"
"1710","SLC30A10"
"1711","DSTYK"
"1712","LIPI"
"1713","CD109"
"1714","SLC39A5"
"1715","GLDN"
"1716","SCARA5"
"1717","STAC2"
"1718","TRIM72"
"1719","UNC5A"
"1720","FGD5"
"1721","TMEM182"
"1722","SLCO4C1"
"1723","OTOG"
"1724","QSOX2"
"1725","LRRC55"
"1726","SLC16A12"
"1727","ARHGEF18"
"1728","BARGIN"
"1729","ANKRD13D"
"1730","CDHR3"
"1731","CFAP65"
"1732","PIK3AP1"
"1733","HJV"
"1734","RHEX"
"1735","RAPH1"
"1736","HTR3D"
"1737","ANO5"
"1738","MARK2"
"1739","RHOU"
"1740","LRRC8D"
"1741","DOK3"
"1742","LPCAT2"
"1743","MAEA"
"1744","RAB11FIP2"
"1745","SLC26A9"
"1746","ARC"
"1747","RASGRP2"
"1748","NIPA1"
"1749","SLC29A4"
"1750","OTOA"
"1751","TAS1R3"
"1752","TAS1R1"
"1753","CATSPER4"
"1754","SLC16A13"
"1755","SLC16A9"
"1756","PLPPR4"
"1757","SLC36A1"
"1758","TRPM8"
"1759","NEGR1"
"1760","CSMD3"
"1761","TMPRSS9"
"1762","KCNK18"
"1763","PKD1L3"
"1764","LIMS2"
"1765","TRPM1"
"1766","SDK1"
"1767","APBB1IP"
"1768","GPR141"
"1769","SNX20"
"1770","SPRED2"
"1771","SPRED1"
"1772","BTLA"
"1773","NECAB2"
"1774","FGD2"
"1775","PRRT2"
"1776","MILR1"
"1777","PXK"
"1778","VTCN1"
"1779","CPLX4"
"1780","CATIP"
"1781","AMIGO2"
"1782","DSG4"
"1783","ADGRE4P"
"1784","ADGRG6"
"1785","ILDR1"
"1786","PIP4P1"
"1787","TMPRSS11B"
"1788","ALPK2"
"1789","TMEM150A"
"1790","TTC7B"
"1791","YRDC"
"1792","SAPCD2"
"1793","SLC9B2"
"1794","LRRTM1"
"1795","TSPAN33"
"1796","SLCO6A1"
"1797","EVC2"
"1798","MAGI2"
"1799","RTN4RL1"
"1800","RTN4RL2"
"1801","CDH24"
"1802","NOXA1"
"1803","RIMS1"
"1804","NHERF4"
"1805","SLC51A"
"1806","SLC51B"
"1807","ADIPOR2"
"1808","TRABD2A"
"1809","CD163"
"1810","SERINC5"
"1811","LRRTM3"
"1812","LAPTM4B"
"1813","SLC47A2"
"1814","SLC22A16"
"1815","ARHGEF25"
"1816","NLRP10"
"1817","SLC26A11"
"1818","UNC93A"
"1819","AMIGO1"
"1820","CCDC25"
"1821","SKAP1"
"1822","STING1"
"1823","LSR"
"1824","CATSPERD"
"1825","DGKH"
"1826","CATSPER3"
"1827","TICAM2"
"1828","FRAS1"
"1829","ADGRG3"
"1830","LYPD6"
"1831","NRROS"
"1832","PTOV1"
"1833","TMEM25"
"1834","LDLRAD3"
"1835","ANKRD13B"
"1836","PDPN"
"1837","GPSM1"
"1838","C2CD5"
"1839","SLC13A5"
"1840","MIB1"
"1841","JAML"
"1842","TREML1"
"1843","KLB"
"1844","TMPRSS6"
"1845","CALHM1"
"1846","ERC1"
"1847","ZDHHC17"
"1848","PLXDC1"
"1849","RELL1"
"1850","GRAMD2A"
"1851","GPIHBP1"
"1852","SLC9A9"
"1853","PLEKHH2"
"1854","FMNL3"
"1855","NOSTRIN"
"1856","SLC41A1"
"1857","CPO"
"1858","SLC22A9"
"1859","ZDHHC21"
"1860","KSR1"
"1861","SPNS2"
"1862","VSTM4"
"1863","SLITRK4"
"1864","ITPRIP"
"1865","DCUN1D3"
"1866","SCN4B"
"1867","LRRC8A"
"1868","SLC30A8"
"1869","LAX1"
"1870","CNTN4"
"1871","SCUBE1"
"1872","BBS7"
"1873","WWC1"
"1874","TRARG1"
"1875","CDH26"
"1876","SIRT2"
"1877","MICALL2"
"1878","SMAP1"
"1879","SYTL1"
"1880","GPR65"
"1881","TMEFF1"
"1882","OSCAR"
"1883","IZUMO1"
"1884","ANKRD13A"
"1885","KIAA0319L"
"1886","KMT2E"
"1887","NALCN"
"1888","ADGRF5"
"1889","UNC5B"
"1890","CPAMD8"
"1891","MCOLN2"
"1892","TBC1D3"
"1893","ADGRG2"
"1894","KIRREL3"
"1895","ABCA7"
"1896","APCDD1"
"1897","NLGN4X"
"1898","CADM3"
"1899","SLC34A3"
"1900","GJD3"
"1901","LILRA2"
"1902","GPC2"
"1903","GABRG1"
"1904","DOCK4"
"1905","BEST3"
"1906","DYNAP"
"1907","ARHGEF28"
"1908","PROM2"
"1909","UNC80"
"1910","LYPD1"
"1911","NLGN1"
"1912","MUC20"
"1913","CBARP"
"1914","SLC43A2"
"1915","MUC15"
"1916","BBS5"
"1917","CADM2"
"1918","PALS1"
"1919","LILRB2"
"1920","STX19"
"1921","SLC22A24"
"1922","PIP4P2"
"1923","MARVELD2"
"1924","MREG"
"1925","SH2D3C"
"1926","ARRDC1"
"1927","DPP10"
"1928","SLC5A8"
"1929","CLDN19"
"1930","GCSAM"
"1931","CD177"
"1932","GPR161"
"1933","KIR3DL3"
"1934","LRRC52"
"1935","AMER2"
"1936","CGAS"
"1937","NRAC"
"1938","TMEM102"
"1939","MFSD2A"
"1940","IL17RC"
"1941","FNDC5"
"1942","MLKL"
"1943","ATP11C"
"1944","UNC13C"
"1945","SLC43A3"
"1946","SIDT2"
"1947","AQP11"
"1948","SLC4A11"
"1949","ATAD1"
"1950","SYT8"
"1951","RELL2"
"1952","CAMKV"
"1953","DAGLB"
"1954","SLC16A11"
"1955","DYNC2H1"
"1956","ARRDC4"
"1957","CARMIL3"
"1958","CCNY"
"1959","PSD4"
"1960","SLC17A8"
"1961","CNNM3"
"1962","BVES"
"1963","PLPP5"
"1964","CATSPER1"
"1965","TRPV1"
"1966","NFAM1"
"1967","APPL2"
"1968","LPCAT1"
"1969","DOCK8"
"1970","NOXO1"
"1971","SLC24A4"
"1972","GPRC5A"
"1973","PROKR2"
"1974","BBS1"
"1975","ADCY4"
"1976","IL17RD"
"1977","MDGA1"
"1978","IL17RE"
"1979","STEAP2"
"1980","DNER"
"1981","BEST2"
"1982","SEMA6D"
"1983","NLGN4Y"
"1984","NLGN2"
"1985","TSPAN14"
"1986","OR7D4"
"1987","OR10J5"
"1988","SVIP"
"1989","ZNRF2"
"1990","LILRB4"
"1991","LILRB1"
"1992","SGMS2"
"1993","GAS2L2"
"1994","IL31RA"
"1995","PATJ"
"1996","VANGL1"
"1997","PCDH19"
"1998","SCAMP5"
"1999","SLC30A5"
"2000","KCNG3"
"2001","LHFPL5"
"2002","TTC8"
"2003","CYP2W1"
"2004","GSDMB"
"2005","PRR7"
"2006","CNIH3"
"2007","SLC35G2"
"2008","PLPPR1"
"2009","ENOX1"
"2010","SLC22A8"
"2011","PI4K2B"
"2012","MARCHF1"
"2013","CERK"
"2014","SPPL2B"
"2015","HM13"
"2016","GRIN3A"
"2017","PREX1"
"2018","MRAP"
"2019","CD99L2"
"2020","SLC2A12"
"2021","TRPM4"
"2022","CD200R1"
"2023","DSCAML1"
"2024","SLC2A14"
"2025","MCOLN3"
"2026","NETO1"
"2027","RASGRP4"
"2028","TMC2"
"2029","TMC1"
"2030","DLG5"
"2031","KCNG4"
"2032","KCNV2"
"2033","HAVCR2"
"2034","CD300LF"
"2035","HCAR2"
"2036","OXER1"
"2037","GPR152"
"2038","GPBAR1"
"2039","GPR151"
"2040","LRRC8C"
"2041","PKD1L1"
"2042","TAS1R2"
"2043","DENND1A"
"2044","RAPGEF6"
"2045","PARD3"
"2046","PAQR8"
"2047","ATP8B4"
"2048","SLC16A10"
"2049","SHROOM3"
"2050","CLEC4C"
"2051","SCARB1"
"2052","STK32A"
"2053","RAB2B"
"2054","SLC22A17"
"2055","CEMIP"
"2056","SLC38A5"
"2057","BLNK"
"2058","OSCP1"
"2059","SECTM1"
"2060","CANT1"
"2061","ITLN1"
"2062","SLC44A1"
"2063","SPIRE2"
"2064","ARAP3"
"2065","IPCEF1"
"2066","STAB2"
"2067","NEU4"
"2068","SLC13A3"
"2069","FCAMR"
"2070","SLC5A11"
"2071","LIPH"
"2072","ABCA5"
"2073","HTR3C"
"2074","RXFP2"
"2075","MADD"
"2076","ADGRV1"
"2077","SYNE2"
"2078","JPH3"
"2079","MUC16"
"2080","CLEC4D"
"2081","CACNG8"
"2082","DNAJC9"
"2083","SLC7A3"
"2084","MYLIP"
"2085","PIK3R5"
"2086","BSND"
"2087","RFFL"
"2088","AQP3"
"2089","SMPDL3B"
"2090","PIEZO1"
"2091","SLC7A6"
"2092","ELMO1"
"2093","SLC9A6"
"2094","NDRG1"
"2095","ARHGAP45"
"2096","SGCD"
"2097","LPAR1"
"2098","FCGR1BP"
"2099","SORL1"
"2100","RSC1A1"
"2101","NECTIN2"
"2102","PTPRU"
"2103","RND1"
"2104","RASL10A"
"2105","HTRA1"
"2106","SYMPK"
"2107","HAS2"
"2108","NRCAM"
"2109","INPP5D"
"2110","EDA"
"2111","GHSR"
"2112","SEMA4D"
"2113","NEO1"
"2114","ABCC2"
"2115","SLC5A5"
"2116","FGF13"
"2117","RAB8B"
"2118","KCNB2"
"2119","TNFRSF14"
"2120","SLCO2A1"
"2121","RIT1"
"2122","ARHGEF2"
"2123","NINJ1"
"2124","TNFRSF25"
"2125","LPP"
"2126","ART4"
"2127","PTP4A1"
"2128","PHKB"
"2129","MR1"
"2130","NKD2"
"2131","KISS1R"
"2132","NKD1"
"2133","SLC38A4"
"2134","RNF34"
"2135","MAL2"
"2136","IGSF8"
"2137","RELT"
"2138","TMEM106A"
"2139","SYAP1"
"2140","ADIPOR1"
"2141","FERMT2"
"2142","PNPLA2"
"2143","TTC17"
"2144","ESAM"
"2145","ARRDC3"
"2146","RGMA"
"2147","SLCO4A1"
"2148","TMIGD2"
"2149","SLC22A18"
"2150","TESC"
"2151","SYTL4"
"2152","GRAMD1A"
"2153","TLCD1"
"2154","AP2M1"
"2155","NTNG2"
"2156","RASD2"
"2157","ORAI1"
"2158","HAVCR1"
"2159","COQ8B"
"2160","HVCN1"
"2161","RAB39B"
"2162","SLAMF6"
"2163","CLIP3"
"2164","RAB3C"
"2165","ZMYND19"
"2166","KLRG1"
"2167","SLC10A4"
"2168","DTNBP1"
"2169","DNAJA3"
"2170","C11orf24"
"2171","IL17RA"
"2172","LINGO1"
"2173","PIK3IP1"
"2174","SLC47A1"
"2175","CPNE2"
"2176","PERP"
"2177","MRAP2"
"2178","P2RY11"
"2179","VMP1"
"2180","PDXP"
"2181","ACSBG1"
"2182","ABHD17A"
"2183","TIMD4"
"2184","ACY3"
"2185","PPP1R16A"
"2186","AJUBA"
"2187","ADTRP"
"2188","ITCH"
"2189","TXNDC15"
"2190","ABCC11"
"2191","KIRREL1"
"2192","LRIG1"
"2193","JPH4"
"2194","CDHR1"
"2195","DCHS1"
"2196","SLC41A2"
"2197","MEGF10"
"2198","KCNS1"
"2199","OR10C1"
"2200","SUSD3"
"2201","CAPNS2"
"2202","FCRL2"
"2203","FCRL1"
"2204","MRGPRX2"
"2205","MRGPRX1"
"2206","SIGLEC10"
"2207","STAC3"
"2208","KCTD7"
"2209","KREMEN1"
"2210","SPATA13"
"2211","FRMD6"
"2212","PTCHD1"
"2213","SLC46A1"
"2214","ANKRD27"
"2215","CAMK1G"
"2216","CLIC6"
"2217","NECTIN4"
"2218","FCRL3"
"2219","ARAP1"
"2220","CATSPER2"
"2221","QRFPR"
"2222","GPR101"
"2223","ADGRA2"
"2224","INPP4A"
"2225","FCRL4"
"2226","ERMAP"
"2227","ADCY10"
"2228","SORCS2"
"2229","KCNC2"
"2230","AQP10"
"2231","PLIN4"
"2232","GSDMA"
"2233","SLC38A2"
"2234","SLC2A13"
"2235","MTMR9"
"2236","PCDH15"
"2237","HHIP"
"2238","MAGI1"
"2239","PANX1"
"2240","FCRL5"
"2241","SNX18"
"2242","F2RL3"
"2243","TAAR6"
"2244","BBS4"
"2245","ERBIN"
"2246","FNBP1"
"2247","RAB40C"
"2248","SLC22A12"
"2249","RANBP9"
"2250","PPP1R9B"
"2251","PPP1R16B"
"2252","SLC9A7"
"2253","CSF3R"
"2254","HBEGF"
"2255","MUC4"
"2256","SCN2A"
"2257","CYTH2"
"2258","NOTCH4"
"2259","CD180"
"2260","STAC"
"2261","PARK7"
"2262","S1PR3"
"2263","NEU1"
"2264","SORT1"
"2265","GPER1"
"2266","PKP4"
"2267","P2RX7"
"2268","RIT2"
"2269","PHB2"
"2270","SLC38A3"
"2271","CHP1"
"2272","LPAR4"
"2273","FEZ1"
"2274","MCHR1"
"2275","KIR2DL4"
"2276","SIGMAR1"
"2277","LITAF"
"2278","PIP5K1A"
"2279","CMKLR1"
"2280","SLC29A1"
"2281","CIB1"
"2282","CPNE1"
"2283","SLC6A7"
"2284","GABRG3"
"2285","RNF5"
"2286","PRRT1"
"2287","P2RY13"
"2288","MAPKAP1"
"2289","KCNS3"
"2290","PDCD1LG2"
"2291","SYT3"
"2292","AIF1L"
"2293","FERMT1"
"2294","SYT15"
"2295","CLSTN3"
"2296","JPH2"
"2297","SLC30A2"
"2298","MXRA8"
"2299","SDF4"
"2300","AIFM2"
"2301","MIEN1"
"2302","SLC50A1"
"2303","TTYH2"
"2304","C2orf88"
"2305","ESYT1"
"2306","CRACR2A"
"2307","TCHP"
"2308","LRFN3"
"2309","PI4K2A"
"2310","TMEM43"
"2311","TBCD"
"2312","CRB3"
"2313","PDCD10"
"2314","TRAF4"
"2315","VAMP8"
"2316","ADI1"
"2317","TMEM147"
"2318","TMUB1"
"2319","FAIM2"
"2320","BOC"
"2321","TAPBPL"
"2322","SORBS1"
"2323","JAM3"
"2324","STRA6"
"2325","TRPM6"
"2326","SGPP1"
"2327","PLVAP"
"2328","SUCNR1"
"2329","LGR4"
"2330","HCAR1"
"2331","BBS2"
"2332","AMN"
"2333","TMEM120A"
"2334","PRX"
"2335","CLEC7A"
"2336","SLC12A9"
"2337","TMEM59"
"2338","SLC26A6"
"2339","CALN1"
"2340","SLC4A5"
"2341","PACSIN1"
"2342","TEX101"
"2343","ADGRE3"
"2344","CADM1"
"2345","MFRP"
"2346","CDHR2"
"2347","ACE2"
"2348","PARD6G"
"2349","PARD6B"
"2350","GSDMC"
"2351","HYCC1"
"2352","ANO3"
"2353","SLC2A11"
"2354","FRMD8"
"2355","PCDH11X"
"2356","PCDH11Y"
"2357","PRRG4"
"2358","OSBPL7"
"2359","OSBPL6"
"2360","GPR62"
"2361","GPR61"
"2362","PRKD2"
"2363","PLA2G2F"
"2364","ULBP3"
"2365","ULBP2"
"2366","ULBP1"
"2367","RTN4R"
"2368","SLC13A1"
"2369","CD244"
"2370","SIGLEC1"
"2371","SPRY4"
"2372","CNTNAP4"
"2373","ZDHHC5"
"2374","SEMA4C"
"2375","TTYH3"
"2376","SLC39A8"
"2377","YIPF3"
"2378","GPR88"
"2379","NMUR2"
"2380","NPFFR1"
"2381","MCOLN1"
"2382","SLC5A7"
"2383","WWTR1"
"2384","LAT2"
"2385","CHRNA10"
"2386","GFRA4"
"2387","SLC22A4"
"2388","SLC25A31"
"2389","ARL6"
"2390","RACGAP1"
"2391","WWP1"
"2392","MAGT1"
"2393","SLITRK2"
"2394","ABCG4"
"2395","SDCBP2"
"2396","TRPV6"
"2397","RBSN"
"2398","OSBPL2"
"2399","DUSP15"
"2400","OPN3"
"2401","ECRG4"
"2402","ABCG8"
"2403","ABCG5"
"2404","EHD4"
"2405","S1PR5"
"2406","P2RY12"
"2407","CDH23"
"2408","OR51E2"
"2409","DCSTAMP"
"2410","SH3BGRL3"
"2411","CXCL16"
"2412","SLC26A1"
"2413","SEMA6A"
"2414","SLC38A1"
"2415","TAOK3"
"2416","CLEC4M"
"2417","SLC12A5"
"2418","RHBG"
"2419","TTYH1"
"2420","HRH4"
"2421","MUC13"
"2422","SEMA4A"
"2423","TMPRSS5"
"2424","SEMA6C"
"2425","SEMA6B"
"2426","DNAJC5"
"2427","LIME1"
"2428","FZD8"
"2429","GOLPH3"
"2430","CLSTN2"
"2431","RHOJ"
"2432","DEF6"
"2433","OSBPL3"
"2434","EHD1"
"2435","CDCP1"
"2436","SLITRK6"
"2437","CLMP"
"2438","XKR8"
"2439","TMEM231"
"2440","SLA2"
"2441","ANTXR1"
"2442","RNF167"
"2443","DOCK5"
"2444","VSIR"
"2445","SYNDIG1"
"2446","PACC1"
"2447","CNNM2"
"2448","AKTIP"
"2449","ERVMER34-1"
"2450","FKRP"
"2451","SLC52A2"
"2452","LIN7B"
"2453","ADGRL3"
"2454","SLC28A3"
"2455","SMURF2"
"2456","PLEKHA2"
"2457","PLEKHA1"
"2458","NMUR1"
"2459","TRPV4"
"2460","CDHR5"
"2461","ATP6V0A4"
"2462","LY9"
"2463","RHOF"
"2464","PARVG"
"2465","PARVB"
"2466","CLTRN"
"2467","VEZT"
"2468","CDH20"
"2469","LPAR2"
"2470","LRRC4"
"2471","ADGRL4"
"2472","LGR6"
"2473","RXFP1"
"2474","OTOF"
"2475","NOD2"
"2476","SLC24A3"
"2477","CRLF2"
"2478","GPR35"
"2479","GDPD2"
"2480","SMURF1"
"2481","ANO8"
"2482","TRPM3"
"2483","SYTL2"
"2484","MAGEE1"
"2485","LRRC4C"
"2486","PLXNA4"
"2487","EPB41L5"
"2488","PGAP6"
"2489","GP6"
"2490","CELSR2"
"2491","TRPC7"
"2492","PTPRH"
"2493","RANGRF"
"2494","MYO10"
"2495","JPH1"
"2496","CD209"
"2497","ABCB6"
"2498","SLC40A1"
"2499","RAB18"
"2500","NPHS2"
"2501","RAB9B"
"2502","SLC6A20"
"2503","SLC39A2"
"2504","TREM1"
"2505","MMP25"
"2506","CABP2"
"2507","PARD6A"
"2508","ACKR4"
"2509","LTB4R2"
"2510","KCNK9"
"2511","SLCO1B3"
"2512","CD320"
"2513","ADAP2"
"2514","FZD3"
"2515","PCDH12"
"2516","ZDHHC4"
"2517","IL1RAP"
"2518","NOX4"
"2519","KCNJ16"
"2520","RIC8A"
"2521","SLC52A3"
"2522","GPRC5C"
"2523","ANO2"
"2524","TRPV5"
"2525","RTN4"
"2526","CYLD"
"2527","NECTIN3"
"2528","GPR84"
"2529","GPHN"
"2530","ITM2C"
"2531","ZC4H2"
"2532","CD163L1"
"2533","PRMT8"
"2534","DLL4"
"2535","ASAH2"
"2536","ARHGEF4"
"2537","KCNQ5"
"2538","PDGFC"
"2539","SLC17A5"
"2540","DUOX2"
"2541","DUOX1"
"2542","SLC2A9"
"2543","IL17RB"
"2544","CDC42SE2"
"2545","INPP5E"
"2546","CDC42SE1"
"2547","TMPRSS4"
"2548","ARHGAP35"
"2549","KCNIP2"
"2550","CYSLTR2"
"2551","SLC7A10"
"2552","LANCL2"
"2553","SLC22A11"
"2554","HOMER2"
"2555","SLC6A13"
"2556","TENM2"
"2557","LRRC4B"
"2558","ATP8A2"
"2559","SEMA4G"
"2560","GJB4"
"2561","SLC39A9"
"2562","LMBRD1"
"2563","LIN7C"
"2564","TMEM100"
"2565","EXOC1"
"2566","TMEM30A"
"2567","PARVA"
"2568","AIG1"
"2569","ANO10"
"2570","SLC52A1"
"2571","PAG1"
"2572","RHBDL2"
"2573","CMTM6"
"2574","SMPD4"
"2575","CLEC5A"
"2576","SLC39A1"
"2577","SCN3A"
"2578","SMPD3"
"2579","SLC2A8"
"2580","SLC5A4"
"2581","SNTG2"
"2582","SPHK1"
"2583","SLCO1C1"
"2584","KCNK4"
"2585","PSD3"
"2586","GPR83"
"2587","CELSR1"
"2588","CELSR3"
"2589","FAT2"
"2590","TAS2R16"
"2591","TAS2R4"
"2592","CALY"
"2593","PLA2G3"
"2594","PSENEN"
"2595","FMN2"
"2596","NLGN3"
"2597","CLIC5"
"2598","FAM120A"
"2599","TREM2"
"2600","GDE1"
"2601","GPRC5D"
"2602","GPRC5B"
"2603","KCNIP1"
"2604","MYOF"
"2605","IL1RAPL1"
"2606","EHD3"
"2607","EHD2"
"2608","CD274"
"2609","TRPM5"
"2610","FLRT3"
"2611","FLRT1"
"2612","CABP1"
"2613","CRIM1"
"2614","KCND2"
"2615","ADAM22"
"2616","FRRS1L"
"2617","VAPA"
"2618","MARK1"
"2619","PKD2L1"
"2620","MARCHF2"
"2621","NTM"
"2622","DLGAP2"
"2623","MDFIC"
"2624","TMEM63C"
"2625","HCN3"
"2626","PLCE1"
"2627","CNTN3"
"2628","ATP10D"
"2629","RCC2"
"2630","TENM3"
"2631","C5AR2"
"2632","IGSF9"
"2633","SLC17A7"
"2634","SLC17A6"
"2635","GNG13"
"2636","EPS15L1"
"2637","RHCG"
"2638","MYOT"
"2639","XPR1"
"2640","STOML1"
"2641","GNG12"
"2642","CPNE7"
"2643","P2RX2"
"2644","CACNG4"
"2645","TRPC4"
"2646","GABBR1"
"2647","CTNNAL1"
"2648","BIN2"
"2649","LPAR3"
"2650","TJP2"
"2651","DNAJB4"
"2652","KL"
"2653","MARCO"
"2654","ADD3"
"2655","SLC23A2"
"2656","CHRNA9"
"2657","CD300A"
"2658","SUSD2"
"2659","SWAP70"
"2660","LIMA1"
"2661","ASIC3"
"2662","NPC1L1"
"2663","SLC7A8"
"2664","SLC23A1"
"2665","OPN4"
"2666","CEMIP2"
"2667","CLEC2D"
"2668","SLC12A6"
"2669","ADGRE2"
"2670","RABAC1"
"2671","SCN11A"
"2672","SLC24A2"
"2673","CYTH4"
"2674","CD84"
"2675","SLCO3A1"
"2676","ZDHHC2"
"2677","LNPEP"
"2678","PLXNA1"
"2679","KCNG1"
"2680","ERRFI1"
"2681","LAMP5"
"2682","DBNL"
"2683","STOML2"
"2684","KCND3"
"2685","VPS28"
"2686","AJAP1"
"2687","PILRA"
"2688","CHIC2"
"2689","UTS2R"
"2690","ADAM28"
"2691","PACSIN3"
"2692","PRND"
"2693","TENM1"
"2694","RAB22A"
"2695","HCN2"
"2696","TMPRSS11E"
"2697","TRPC5"
"2698","CDH9"
"2699","EMCN"
"2700","RAB23"
"2701","ACSL5"
"2702","MTUS1"
"2703","LRFN2"
"2704","HEG1"
"2705","GRID1"
"2706","VANGL2"
"2707","PLXNB3"
"2708","TBC1D24"
"2709","TTC7A"
"2710","ZNRF3"
"2711","FZD4"
"2712","CORO1C"
"2713","FZD10"
"2714","CLEC4E"
"2715","MMP17"
"2716","SLC7A7"
"2717","NOTCH3"
"2718","MYO6"
"2719","ALK"
"2720","CLEC4A"
"2721","UBQLN1"
"2722","GUCA1B"
"2723","PCDHA7"
"2724","PCDHA6"
"2725","PCDHA4"
"2726","SLC6A14"
"2727","GABRQ"
"2728","PACSIN2"
"2729","TNFSF18"
"2730","ABCG2"
"2731","GPR132"
"2732","FZD1"
"2733","TFR2"
"2734","PLA2G4C"
"2735","FLVCR2"
"2736","MACF1"
"2737","SLC8A2"
"2738","EXOC7"
"2739","UNC13A"
"2740","IGSF9B"
"2741","MINAR1"
"2742","SHANK2"
"2743","SLC7A11"
"2744","THSD7A"
"2745","RIMS2"
"2746","NEU3"
"2747","CNTN6"
"2748","GAB2"
"2749","CLCA2"
"2750","SCN8A"
"2751","ERVW-1"
"2752","NAALADL1"
"2753","TRPC6"
"2754","MTMR6"
"2755","SLC22A13"
"2756","TRAF3IP3"
"2757","NOD1"
"2758","LZTS1"
"2759","SLC22A14"
"2760","CYSLTR1"
"2761","RASD1"
"2762","TNFSF13B"
"2763","ITM2B"
"2764","SLC5A6"
"2765","TRAPPC4"
"2766","NCKAP1"
"2767","SLC17A4"
"2768","TLR6"
"2769","SLC9A8"
"2770","EFR3B"
"2771","MAST1"
"2772","NISCH"
"2773","NTNG1"
"2774","TBC1D30"
"2775","RPH3A"
"2776","EPB41L3"
"2777","STXBP5L"
"2778","SLC27A6"
"2779","SLC27A5"
"2780","ATP8A1"
"2781","GPR55"
"2782","KCNIP3"
"2783","TMEM98"
"2784","SLC6A5"
"2785","SIT1"
"2786","NAALAD2"
"2787","HCN4"
"2788","GRIP1"
"2789","WNK2"
"2790","ATP6V0A2"
"2791","TLN1"
"2792","ZAN"
"2793","MTCL1"
"2794","TCAF1"
"2795","DAGLA"
"2796","PLXND1"
"2797","WASHC2C"
"2798","FARP1"
"2799","RIPOR2"
"2800","TLN2"
"2801","RAPGEF2"
"2802","DTNA"
"2803","SPEF1"
"2804","PCDHB6"
"2805","PCDHB14"
"2806","PCDHB12"
"2807","PCDHGC4"
"2808","PCDHA9"
"2809","PCDHA2"
"2810","PCDHA10"
"2811","PCDHA1"
"2812","CLDN16"
"2813","ENTPD2"
"2814","HRH3"
"2815","CORIN"
"2816","MMP24"
"2817","TRPV2"
"2818","CDC42BPB"
"2819","NOX1"
"2820","TNFRSF18"
"2821","MAGED1"
"2822","SNX9"
"2823","SNX5"
"2824","NPFFR2"
"2825","FLVCR1"
"2826","PTGDR2"
"2827","LYVE1"
"2828","SCN10A"
"2829","BACE2"
"2830","F11R"
"2831","GPC6"
"2832","NPTN"
"2833","ADGRG1"
"2834","SLC12A7"
"2835","SLC22A7"
"2836","CLIC4"
"2837","SELENOK"
"2838","KCNE3"
"2839","GJA3"
"2840","EPN1"
"2841","KCNE2"
"2842","SLCO1B1"
"2843","PRSS21"
"2844","SLC30A1"
"2845","SLC4A7"
"2846","ROBO1"
"2847","CDH10"
"2848","TNFRSF11A"
"2849","SLC4A4"
"2850","DGKB"
"2851","WASF2"
"2852","ICOS"
"2853","ENPP4"
"2854","HEL-S-165mP"
"2855","Pe1Fe3"
"2856","TRBV19"
"2857","IGHV3-64"
"2858","IGHV4-4"
"2859","IGHV4-30-2"
"2860","TRAV27"
"2861","IGHV1-45"
"2862","IGHV3-49"
"2863","IGHV6-1"
"2864","IGHV3-15"
"2865","IGHV3-21"
"2866","IGHV2-26"
"2867","IGHV3-73"
"2868","IGHV7-81"
"2869","IGHV3-74"
"2870","IGHV3-43"
"2871","IGHV3-72"
"2872","IGHV1-69D"
"2873","IGHV1-3"
"2874","IGHV3-16"
"2875","IGHV1-18"
"2876","IGHV3-20"
"2877","IGHV1-24"
"2878","IGHV4-28"
"2879","IGHV3-35"
"2880","IGHV3-38"
"2881","IGHV5-51"
"2882","IGHV1-58"
"2883","IGHV4-61"
"2884","IGHV3-66"
"2885","IGHV2-70D"
"2886","IGHV1-69-2"
"2887","IGHV7-4-1"
"2888","IGHV3-64D"
"2889","IGHV5-10-1"
"2890","TRBV6-5"
"2891","GPR56"
"2892","MYMX"
"2893","RPSA2"
"2894","FER1L5"
"2895","PTHR1"
"2896","RAB19"
"2897","OR2A25"
"2898","TMEM150B"
"2899","OR14I1"
"2900","TLCD2"
"2901","OR51F1"
"2902","OR2T8"
"2903","OR2AT4"
"2904","EFCAB7"
"2905","ELAPOR2"
"2906","VSTM5"
"2907","NALF1"
"2908","SHISA9"
"2909","TRDC"
"2910","TMEM262"
"2911","SLCO1B7"
"2912","P2RY10"
"2913","GPR171"
"2914","RIMBP2"
"2915","GPR182"
"2916","SLC16A4"
"2917","SLC16A5"
"2918","SLC16A6"
"2919","PCDH7"
"2920","GNG7"
"2921","PCDHGA12"
"2922","OR10H3"
"2923","OR7C2"
"2924","ERVK-19"
"2925","GPR32"
"2926","OR2J3"
"2927","OR2J2"
"2928","OR7C1"
"2929","LY6H"
"2930","OR6B1"
"2931","UBL3"
"2932","OR6A2"
"2933","OR2C1"
"2934","DIRAS3"
"2935","NTSR2"
"2936","GPR75"
"2937","GLP2R"
"2938","OR2H2"
"2939","IGKV1-17"
"2940","IGKV1D-16"
"2941","IGKV2D-40"
"2942","IGKV3-15"
"2943","IGLV1-40"
"2944","IGLV3-19"
"2945","IGLV3-1"
"2946","IGLV3-25"
"2947","IGLV3-27"
"2948","TRBV12-3"
"2949","TRGV3"
"2950","IGLV7-43"
"2951","IGKV1-16"
"2952","IGKV1D-39"
"2953","IGKV3-11"
"2954","TRBV7-9"
"2955","TRAV29DV5"
"2956","IGKV2-30"
"2957","IGKV5-2"
"2958","OR5AL1"
"2959","OR4E1"
"2960","OPN1MW2"
"2961","OPN1MW3"
"2962","IGHV1-8"
"2963","IGHV3-30-3"
"2964","IGHV3-30-5"
"2965","IGHV3-43D"
"2966","IGHV4-30-4"
"2967","IGHV4-31"
"2968","IGHV4-38-2"
"2969","OR1E1"
"2970","OR10J1"
"2971","PTGER1"
"2972","PTGER2"
"2973","KIR2DL2"
"2974","GPR6"
"2975","GPR12"
"2976","OR3A4P"
"2977","OR1E2"
"2978","OR3A3"
"2979","OR3A2"
"2980","GAS1"
"2981","MFAP3"
"2982","XG"
"2983","CLDN20"
"2984","GJA9"
"2985","OR2B6"
"2986","OR12D2"
"2987","RTP1"
"2988","TAS2R43"
"2989","TAS2R46"
"2990","GNG2"
"2991","ERVPABLB-1"
"2992","GPR85"
"2993","ERVS71-1"
"2994","ERVK-21"
"2995","ERVK-24"
"2996","ERVK-7"
"2997","HERVK_113"
"2998","ERVK-8"
"2999","GNG3"
"3000","IGLV3-21"
"3001","ERVK-10"
"3002","RAB40B"
"3003","DRP2"
"3004","OR5I1"
"3005","OR2F1"
"3006","GPR176"
"3007","KIR2DS3"
"3008","P2RY14"
"3009","OR1Q1"
"3010","OR8G1"
"3011","OR8B8"
"3012","GPR19"
"3013","GPR162"
"3014","LY6K"
"3015","SPRED3"
"3016","GOLGA7B"
"3017","PLPPR5"
"3018","MUCL3"
"3019","FAM174B"
"3020","GPR33"
"3021","IL8RB"
"3022","SPRN"
"3023","CATSPERE"
"3024","TMEM63B"
"3025","TMEM170B"
"3026","GPR158"
"3027","CFAP95"
"3028","NKAIN2"
"3029","TMEM198"
"3030","LMBRD2"
"3031","TBC1D3G"
"3032","GPR139"
"3033","OR6B2"
"3034","RGS7BP"
"3035","EMB"
"3036","GJB7"
"3037","GLIPR1L1"
"3038","LRIG3"
"3039","GSG1L"
"3040","TMEM184A"
"3041","CATSPERG"
"3042","PAQR9"
"3043","PLEKHM3"
"3044","CYS1"
"3045","OTOP1"
"3046","OTOP3"
"3047","TMPRSS7"
"3048","PRSS41"
"3049","GPRIN1"
"3050","LYSMD3"
"3051","OR2W3"
"3052","CSMD2"
"3053","ERAS"
"3054","MDGA2"
"3055","PRSS42P"
"3056","VN1R5"
"3057","VN1R4"
"3058","GPR142"
"3059","TAMALIN"
"3060","LHFPL4"
"3061","GPR149"
"3062","P2RY8"
"3063","PAQR7"
"3064","TMEM17"
"3065","RALGPS2"
"3066","PRIMA1"
"3067","TMEM219"
"3068","COL23A1"
"3069","PALM2"
"3070","HYCC2"
"3071","REM2"
"3072","GRAMD1C"
"3073","GPR135"
"3074","ADGRG5"
"3075","SLC38A6"
"3076","CLECL1P"
"3077","KIR2DL5A"
"3078","GAPT"
"3079","ARHGEF39"
"3080","OR2C3"
"3081","PCDH20"
"3082","CLDN22"
"3083","TP53I13"
"3084","NECAP1"
"3085","GPR26"
"3086","GJC3"
"3087","GPR156"
"3088","BEST4"
"3089","OR7G1"
"3090","GPR32P1"
"3091","OR11H7"
"3092","OR4M1"
"3093","OR5T2"
"3094","OR52L1"
"3095","OR52N4"
"3096","OR5AN1"
"3097","OR52H1"
"3098","OR52B4"
"3099","OR8D4"
"3100","OR10G4"
"3101","OR9G4"
"3102","OR1L6"
"3103","OR1B1"
"3104","OR1J2"
"3105","OR13C5"
"3106","OR5H6"
"3107","OR6B3"
"3108","OR6K6"
"3109","OR10T2"
"3110","OR10X1"
"3111","OR6K3"
"3112","OR8U1"
"3113","OR4L1"
"3114","OR5B3"
"3115","OR51Q1"
"3116","OR5W2"
"3117","OR8U3"
"3118","OR9G1"
"3119","OR1S1"
"3120","OR1L1"
"3121","OR2T6"
"3122","KIR2DL5B"
"3123","LYPD6B"
"3124","VXN"
"3125","STOML3"
"3126","OR51E1"
"3127","PROKR1"
"3128","SPACA4"
"3129","RXFP4"
"3130","GPR148"
"3131","GPR119"
"3132","IGDCC4"
"3133","CPLX3"
"3134","NRG4"
"3135","RAB40A"
"3136","OR8D1"
"3137","OR5P3"
"3138","GJA10"
"3139","TAAR8"
"3140","MCHR2"
"3141","MRGPRF"
"3142","KCTD12"
"3143","DIRAS2"
"3144","RHOV"
"3145","MRGPRX4"
"3146","SGCZ"
"3147","FIMP"
"3148","APOLD1"
"3149","OXGR1"
"3150","GPR78"
"3151","OPALIN"
"3152","TECTB"
"3153","OR7D2"
"3154","PANX2"
"3155","TAAR9"
"3156","TAAR1"
"3157","RASL10B"
"3158","GPR20"
"3159","PSD2"
"3160","ORAI3"
"3161","RTBDN"
"3162","TMEM204"
"3163","UPK3B"
"3164","GPR174"
"3165","CACNG6"
"3166","SLC46A2"
"3167","GPR87"
"3168","CNTNAP3"
"3169","GPR63"
"3170","OR2H1"
"3171","OR2J1"
"3172","OR8D2"
"3173","VN1R1"
"3174","TMEM117"
"3175","PCDHAC1"
"3176","CDH19"
"3177","LPAR5"
"3178","OR10A5"
"3179","OR10A4"
"3180","OR2D2"
"3181","SLCO5A1"
"3182","OR51B5"
"3183","OR51B6"
"3184","OR51M1"
"3185","OR51J1"
"3186","IGFLR1"
"3187","CATSPERB"
"3188","POPDC2"
"3189","PCDH9"
"3190","PCDH18"
"3191","ERVK-5"
"3192","OR2S2"
"3193","CNNM1"
"3194","TM7SF3"
"3195","RXFP3"
"3196","IGSF5"
"3197","CATSPERZ"
"3198","NECAP2"
"3199","PAQR5"
"3200","ASIC5"
"3201","TAAR2"
"3202","LRFN1"
"3203","UNC79"
"3204","PCDH10"
"3205","CACNG5"
"3206","GPR160"
"3207","CDH22"
"3208","GNG8"
"3209","OR52A1"
"3210","GJD2"
"3211","CDH7"
"3212","KCNS2"
"3213","PCDHB8"
"3214","PCDHB10"
"3215","PCDHGC3"
"3216","PCDHGB4"
"3217","PCDHA12"
"3218","GPR52"
"3219","OR1A2"
"3220","KCTD3"
"3221","PCDHB9"
"3222","PCDHB7"
"3223","PCDHB5"
"3224","PCDHB4"
"3225","PCDHB3"
"3226","PCDHB2"
"3227","PCDHB15"
"3228","PCDHB13"
"3229","PCDHB11"
"3230","PCDHB1"
"3231","PCDHGC5"
"3232","PCDHGB7"
"3233","PCDHGB6"
"3234","PCDHGB5"
"3235","PCDHGB3"
"3236","PCDHGB2"
"3237","PCDHGB1"
"3238","PCDHGA9"
"3239","PCDHGA8"
"3240","PCDHGA7"
"3241","PCDHGA6"
"3242","PCDHGA5"
"3243","PCDHGA4"
"3244","PCDHGA3"
"3245","PCDHGA2"
"3246","PCDHGA11"
"3247","PCDHGA10"
"3248","PCDHGA1"
"3249","PCDHA8"
"3250","PCDHA5"
"3251","PCDHA3"
"3252","PCDHA13"
"3253","PCDHA11"
"3254","PCDHAC2"
"3255","OR51B2"
"3256","GPR45"
"3257","hCG_1998851"
"3258","hCG_40978"
"3259","HFE2"
"3260","PLXNA4B"
"3261","hCG_39634"
"3262","hCG_2009644"
"3263","FAK"
"3264","IGKV3-7"
"3265","IGKV1D-42"
"3266","IGLV4-69"
"3267","IGLV8-61"
"3268","IGLV4-60"
"3269","IGLV11-55"
"3270","IGLV10-54"
"3271","IGLV1-50"
"3272","IGLV5-48"
"3273","IGLV7-46"
"3274","IGLV5-37"
"3275","IGLV2-33"
"3276","IGLV3-22"
"3277","IGLV2-18"
"3278","IGLV3-16"
"3279","IGLV3-12"
"3280","IGLV3-10"
"3281","IGLV3-9"
"3282","IGLV4-3"
"3283","TRGV11"
"3284","TRBV7-3"
"3285","TRBV20-1"
"3286","TRBV24-1"
"3287","TRBV25-1"
"3288","IGKV2-28"
"3289","TRGV2"
"3290","IGKV2D-24"
"3291","IGKV2D-29"
"3292","IGKV1D-17"
"3293","IGKV1-27"
"3294","IGKV2D-30"
"3295","IGKV1-37"
"3296","TRAV12-2"
"3297","TRAV6"
"3298","TRAV9-1"
"3299","TRAV7"
"3300","TRAV36DV7"
"3301","TRAV23DV6"
"3302","TRAV18"
"3303","IGLV5-45"
"3304","IGKV3D-15"
"3305","IGKV1D-8"
"3306","TRAV30"
"3307","TRAV9-2"
"3308","TRAV26-1"
"3309","TRBV16"
"3310","TBC1D3D"
"3311","IGKV2-40"
"3312","TRBV17"
"3313","TRBV18"
"3314","TBC1D3E"
"3315","IGKV2D-26"
"3316","IGKV3D-11"
"3317","IGLV5-52"
"3318","IGLV3-32"
"3319","TRGV10"
"3320","TRGV1"
"3321","TRBV5-3"
"3322","TRBV6-7"
"3323","TRBV5-7"
"3324","TRBV23-1"
"3325","IGKV6D-21"
"3326","TRAV14DV4"
"3327","TRBV13"
"3328","TRBV6-6"
"3329","TRBV6-8"
"3330","TRAV8-3"
"3331","TRAV8-1"
"3332","TRBV7-1"
"3333","TRAV16"
"3334","TRAV19"
"3335","GPR49"
"3336","IGLV1-36"
"3337","TRGV5"
"3338","TRBV9"
"3339","IGLV9-49"
"3340","IGKV1D-43"
"3341","TRAV2"
"3342","TRAV13-2"
"3343","TRAV8-2"
"3344","TRAV1-2"
"3345","TRAV10"
"3346","TRAV13-1"
"3347","TRAV3"
"3348","TRAV12-1"
"3349","TRAV1-1"
"3350","TRAV5"
"3351","TRAV8-6"
"3352","TRAV39"
"3353","TRAV38-1"
"3354","TRAV26-2"
"3355","TRAV41"
"3356","TRAV4"
"3357","TRAV12-3"
"3358","TRAV24"
"3359","TRAV34"
"3360","TRAV20"
"3361","TRAV17"
"3362","TRAV25"
"3363","TRAV22"
"3364","TRAV21"
"3365","TRAV40"
"3366","IGKV1D-13"
"3367","TRBV12-4"
"3368","IGKV6-21"
"3369","IGKV3D-20"
"3370","IGKV6D-41"
"3371","TRGV8"
"3372","TRGV4"
"3373","IGKV3D-7"
"3374","TRBV5-4"
"3375","IGKV1-8"
"3376","IGKV2-24"
"3377","IGKV1-9"
"3378","IGKV1-6"
"3379","IGKV1-12"
"3380","IGLV5-39"
"3381","TRBV6-9"
"3382","TRBV6-2"
"3383","TRBV10-1"
"3384","TRBV30"
"3385","TRBV11-1"
"3386","TRBV27"
"3387","TRBV6-1"
"3388","TRBV7-7"
"3389","TRBV10-3"
"3390","TRBV10-2"
"3391","TRBV7-6"
"3392","TRBV6-4"
"3393","TRBV7-8"
"3394","TRDV1"
"3395","TRBV2"
"3396","TRBV12-5"
"3397","TRBV7-4"
"3398","TRBV7-2"
"3399","Myo6-008"
"3400","TNFA"
"3401","TRBV4-2"
"3402","TRBV3-1"
"3403","TRBV4-1"
"3404","TRBV5-1"
"3405","TRBV11-2"
"3406","TRBV4-3"
"3407","TRBV5-5"
"3408","TRBV5-6"
"3409","TRBV5-8"
"3410","TRBV11-3"
"3411","TRBV14"
"3412","TRBV28"
"3413","TRBV29-1"
"3414","CXNB"
"3415","CXNK2"
"3416","CXNO"
"3417","CXNR"
"3418","CXNG"
"3419","CXNC"
"3420","CXNN"
"3421","CXNQ"
"3422","GNG5B"
"3423","TRAV38-2DV8"
"3424","TRDV2"
"3425","TRDV3"
"3426","5HT1a"
"3427","CCBP2"
"3428","hCG_20471"
"3429","DYTN"
"3430","IGKV2-29"
"3431","OR2M5"
"3432","GRID2IP"
"3433","OR6C74"
"3434","OR5H15"
"3435","OR6C68"
"3436","TBC1D3B"
"3437","TBC1D3F"
"3438","OR5K3"
"3439","OR6C6"
"3440","OR2W5P"
"3441","OR4C46"
"3442","OR5H14"
"3443","OR6C70"
"3444","RAP1BL"
"3445","CD8B2"
"3446","OR6C65"
"3447","OR5H1"
"3448","OR6C75"
"3449","OR5B21"
"3450","OR2AG2"
"3451","CLDN24"
"3452","OR6C76"
"3453","OR5K4"
"3454","OR52A4P"
"3455","OR4C45"
"3456","GJE1"
"3457","OR11H12"
"3458","TMEM114"
"3459","TMEM150C"
"3460","AJM1"
"3461","RASA4B"
"3462","CLDN25"
"3463","SLC34A2-ROS1"
"3464","OR7A17"
"3465","RTL8C"
"3466","NMDAR2C"
"3467","OR2T1"
"3468","OR10H2"
"3469","OR1I1"
"3470","OR2B3"
"3471","OR7A10"
"3472","OR2F2"
"3473","OR4F21"
"3474","OR5F1"
"3475","TRAV8-4"
"3476","TRGC2"
"3477","OR4A8"
"3478","OR4Q2"
"3479","OR5G3"
"3480","OR5AC1"
"3481","OR10J4"
"3482","OR52Z1P"
"3483","OR8U8"
"3484","OR8U9"
"3485","OR2T7"
"3486","OR56A5"
"3487","TBC1D3H"
"3488","TRGC1"
"3489","OR8G3P"
"3490","OR5H8"
"3491","OR13C7"
"3492","OR12D1"
"3493","IGKV1-13"
"3494","TRAV35"
"3495","TRBV6-3"
"3496","NPY4R2"
"3497","IGKV1D-37"
"3498","IGHV3-38-3"
"3499","IGHV8-51-1"
"3500","IGHV1-38-4"
"3501","MAS1L"
"3502","OR3A1"
"3503","OR1D4"
"3504","OR1G1"
"3505","CLDN12"
"3506","OR1D5"
"3507","OR4D2"
"3508","OR10A3"
"3509","OR2B8P"
"3510","ERVK-25"
"3511","OR4D1"
"3512","OR1C1"
"3513","OR7A5"
"3514","TMEM249"
"3515","NRN1L"
"3516","NKAIN1"
"3517","RFTN2"
"3518","XKR9"
"3519","XKR6"
"3520","XKR3"
"3521","OR2B11"
"3522","OR10J3"
"3523","TMEM240"
"3524","NCMAP"
"3525","MFSD4B"
"3526","OR2G6"
"3527","GPR157"
"3528","CFAP126"
"3529","CHIC1"
"3530","RESDA1"
"3531","DKFZp666O0110"
"3532","KCTD16"
"3533","OR5M10"
"3534","OR4C11"
"3535","OR4F3;"
"3536","OR2T5"
"3537","OR2T2"
"3538","OR8G2P"
"3539","OR2A2"
"3540","OR52W1"
"3541","OR4A47"
"3542","OR10K2"
"3543","OR52E8"
"3544","OR7E24"
"3545","TBC1D3C"
"3546","GPR153"
"3547","XKRX"
"3548","PLET1"
"3549","LYPD4"
"3550","XKR5"
"3551","LYPD8"
"3552","LYPD2"
"3553","KCTD8"
"3554","OTOP2"
"3555","SLC16A14"
"3556","RAB44"
"3557","MRGPRG"
"3558","MRGPRE"
"3559","CABP7"
"3560","LRRTM4"
"3561","CALHM3"
"3562","POTED"
"3563","NKAIN4"
"3564","C1orf210"
"3565","OR4N5"
"3566","OR4N4"
"3567","OR8I2"
"3568","OR5AS1"
"3569","OR8H3"
"3570","OR6V1"
"3571","OR8H2"
"3572","SLC39A11"
"3573","OR2L13"
"3574","NIPA2"
"3575","AMER3"
"3576","TMEM161B"
"3577","VN1R2"
"3578","OR5T1"
"3579","OR2T33"
"3580","OR2T12"
"3581","OR8G5"
"3582","OR2L5"
"3583","OR2M7"
"3584","OR2M3"
"3585","OR2AK2"
"3586","OR2L3"
"3587","OR13H1"
"3588","OR11H1"
"3589","OR7G3"
"3590","OR2Z1"
"3591","OR7G2"
"3592","OR1M1"
"3593","OR7A2P"
"3594","OR10H4"
"3595","OR10H5"
"3596","OR4F17"
"3597","OR4C5"
"3598","OR4S1"
"3599","OR4M2"
"3600","OR4F15"
"3601","OR4F6"
"3602","OR5AU1"
"3603","OR11G2"
"3604","OR4E2"
"3605","OR10G2"
"3606","OR10G3"
"3607","OR6J1"
"3608","OR4K17"
"3609","OR11H6"
"3610","OR11H4"
"3611","OR4N2"
"3612","OR4K2"
"3613","OR4K5"
"3614","OR4K1"
"3615","OR4K14"
"3616","OR10AD1"
"3617","OR6C4"
"3618","OR2AP1"
"3619","OR10P1"
"3620","OR10A7"
"3621","OR9K2"
"3622","OR4D9"
"3623","OR9Q2"
"3624","OR52B6"
"3625","OR52R1"
"3626","OR51D1"
"3627","OR5AP2"
"3628","OR10W1"
"3629","OR5B17"
"3630","OR4B1"
"3631","OR4X2"
"3632","OR8J3"
"3633","OR5T3"
"3634","OR8H1"
"3635","OR8K1"
"3636","OR8B12"
"3637","OR8A1"
"3638","OR8B3"
"3639","OR2D3"
"3640","OR56A1"
"3641","OR52L2P"
"3642","OR56A4"
"3643","OR52E4"
"3644","OR52N2"
"3645","OR56B2P"
"3646","OR56B1"
"3647","OR4D11"
"3648","OR4D10"
"3649","OR10V1"
"3650","OR5A2"
"3651","OR5A1"
"3652","OR4D6"
"3653","OR52E1"
"3654","OR52E2"
"3655","OR51L1"
"3656","OR51A4"
"3657","OR51A2"
"3658","OR51S1"
"3659","OR51T1"
"3660","OR51G2"
"3661","OR51G1"
"3662","OR52K2"
"3663","OR52K1"
"3664","OR52M1"
"3665","OR52I1"
"3666","OR5D16"
"3667","OR5L2"
"3668","OR5D18"
"3669","OR5L1"
"3670","OR5D14"
"3671","OR5D13"
"3672","OR4A15"
"3673","OR4P4"
"3674","OR4C16"
"3675","OR4C15"
"3676","OR6M1"
"3677","OR4D5"
"3678","OR6T1"
"3679","OR10S1"
"3680","OR10G9"
"3681","OR10G8"
"3682","OR10G7"
"3683","OR10D4P"
"3684","OR4A4P"
"3685","OR4C13"
"3686","OR8J1"
"3687","OR5M9"
"3688","OR5M3"
"3689","OR5M8"
"3690","OR5M1"
"3691","OR5AR1"
"3692","OR6Q1"
"3693","OR1S2"
"3694","OR10Q1"
"3695","OR9Q1"
"3696","OR9I1"
"3697","OR13A1"
"3698","OR1K1"
"3699","OR5C1"
"3700","OR1L4"
"3701","OR1L8"
"3702","OR1N2"
"3703","OR1N1"
"3704","OR1J4"
"3705","OR1J1"
"3706","OR13F1"
"3707","OR13C4"
"3708","OR13C3"
"3709","OR13C8"
"3710","OR13C2"
"3711","OR13C9"
"3712","OR2K2"
"3713","OR13J1"
"3714","OR9A2"
"3715","OR2A12"
"3716","OR2A1;"
"3717","OR9A1P"
"3718","OR9A4"
"3719","OR2I1P"
"3720","GPR150"
"3721","OR2Y1"
"3722","OR13D1"
"3723","OR5H2"
"3724","OR11L1"
"3725","OR2T34"
"3726","OR2T35"
"3727","OR10K1"
"3728","OR10R2"
"3729","OR6Y1"
"3730","OR6P1"
"3731","OR10Z1"
"3732","OR6K2"
"3733","OR6N1"
"3734","OR6N2"
"3735","OR10J6P"
"3736","OR2L8"
"3737","OR2AJ1"
"3738","OR14K1"
"3739","OR13G1"
"3740","OR2G3"
"3741","OR2G2"
"3742","OR6F1"
"3743","OR2T10"
"3744","OR2T4"
"3745","OR2T11"
"3746","OR2T29"
"3747","OR2T3"
"3748","OR2T27"
"3749","OR4Q3"
"3750","OR1P1"
"3751","OR11H2"
"3752","OR10AC1"
"3753","OR8S1"
"3754","OR2L2"
"3755","OR5J2"
"3756","OR10AG1"
"3757","OR4C3"
"3758","OR6S1"
"3759","OR4K15"
"3760","OR4K13"
"3761","OR4X1"
"3762","OR8K5"
"3763","OR8K3"
"3764","OR52N1"
"3765","OR56A3"
"3766","OR52E5"
"3767","OR52N5"
"3768","OR52P1"
"3769","OR52J3"
"3770","OR51F2"
"3771","OR51H1"
"3772","OR51A7"
"3773","OR52I2"
"3774","OR4A16"
"3775","OR4C6"
"3776","OR4S2"
"3777","OR10A6"
"3778","OR56B4"
"3779","OR6X1"
"3780","OR10D3"
"3781","OR10G6"
"3782","OR4A5"
"3783","OR5AK3P"
"3784","OR5AK2"
"3785","OR1L3"
"3786","OR13C6P"
"3787","OR2AE1"
"3788","OR2W6P"
"3789","OR1F12P"
"3790","OR2V1"
"3791","OR5K1"
"3792","OR5K2"
"3793","OR14A16"
"3794","OR14L1P"
"3795","OR14C36"
"3796","MOSMO"
"3797","TLCD3A"
"3798","MRGPRD"
"3799","VN1R17P"
"3800","OR5P2"
"3801","OR1E3"
"3802","CLDN23"
"3803","GPR146"
"3804","IGSF21"
"3805","GJD4"
"3806","MRGPRX3"
"3807","GPR82"
"3808","GNRHR2"
"3809","PANX3"
"3810","OR5B12"
"3811","OR5B2"
"3812","OR2M4"
"3813","OR2M2"
"3814","OR2V2"
"3815","OR2A7"
"3816","OR2A14"
"3817","OR2A5"
"3818","OR14A2"
"3819","OR4C12"
"3820","OR4F4"
"3821","OR4K3"
"3822","OR1F2P"
"3823","OR5M11"
"3824","OR8B4"
"3825","OR8B2"
"3826","OR6C1"
"3827","OR52B2"
"3828","OR52E6"
"3829","PCDHB18P"
"3830","GML"
"3831","TRGV9"
"3832","GPR21"
"3833","GPR22"
"3834","MARVELD1"
"3835","VN1R3"
"3836","OR2B2"
"3837","OR11A1"
"3838","OR2AG1"
"3839","OR10A2"
"3840","OR52A5"
"3841","OR51V1"
"3842","OR51I1"
"3843","OR51I2"
"3844","OR52D1"
"3845","PLGRKT"
"3846","NRN1"
"3847","GPR173"
"3848","GPR27"
"3849","ERVK13-1"
"3850","PLEK2"
"3851","OR6C3"
"3852","OR6C2"
"3853","OR5AC2"
"3854","TAAR3P"
"3855","OR1A1"
"3856","OR14J1"
"3857","OR5V1"
"3858","OR12D3"
"3859","GPR34"
"3860","OR2W1"
"3861","OR10H1"
"3862","OR51B4"
"3863","HEL-S-123m"
"3864","HEL114"
"3865","MGRA"
"3866","C9"
"3867","hCG_1995540"
"3868","hCG_1994888"
"3869","DNAJC25-GNG10"
"3870","TMEM16K"
"3871","RAB4A"
"3872","FPRL1"
"3873","SLC44A2"
"3874","EDG5"
"3875","DFNA5"
"3876","FAM62A"
"3877","TRGJ1"
"3878","TRAJ3"
"3879","TRAJ42"
"3880","TRAJ31"
"3881","TRDJ1"
"3882","TBC1D3I"
"3883","TBC1D3K"
"3884","GPR154"
"3885","TRBJ2-6"
"3886","IGLJ1"
"3887","TRBJ2-7"
"3888","TRBJ2-4"
"3889","IGKJ1"
"3890","TRBJ2-2"
"3891","TRBJ2-5"
"3892","TRBJ2-1"
"3893","CD133"
"3894","TRBJ2-3"
"3895","IGHJ1"
"3896","FSHR1"
"3897","TRBJ1-3"
"3898","TRBJ1-6"
"3899","TRBJ1-2"
"3900","TRBJ1-1"
"3901","LIMS3"
"3902","TRBJ1-4"
"3903","TRBJ1-5"
"3904","HEL-S-79"
"3905","OR14L1"
"3906","OR4F14"
"3907","OR4F16"
"3908","OR2B8"
"3909","OR2A1"
"3910","OR52L2"
"3911","OR5R1"
"3912","OR1E5"
"3913","OR4A4"
"3914","OR2A42"
"3915","OR3A4"
"3916","OR4F5"
"3917","OR2T32"
"3918","KCNJ17"
"3919","JK"
"3920","GNG14"
"3921","OR5D3P"
"3922","OR5BS1P"
"3923","LOC112268384"
"3924","Nfasc"
"3925","OR51C1P"
"3926","CCR-5"
"3927","CXND"
"3928","CXNU"
"3929","CXNM"
"3930","CXNP1"
"3931","CXNH1"
"3932","CXNJ1"
"3933","CXNS"
"3934","CXNA"
"3935","CXNK1"
"3936","NKAIN3"
"3937","EMR2"
"3938","IGSF23"
"3939","EMR3"
"3940","GPCR40"
"3941","SMIM9"
"3942","SMIM23"
"3943","IFITM10"
"3944","PHB"
"3945","ODZ1"
"3946","TBC1D3L"
"3947","OR1F12"
"3948","hCG_1992840"
"3949","hCG_39899"
"3950","hCG_2007960"
"3951","SLC44A3"
"3952","LY6L"
"3953","CLDN34"
"3954","olfr89"
"3955","OR9G9"
"3956","IGHD1-1"
"3957","TRBD1"
"3958","TRDD1"
"3959","LY6S"
"3960","gpcr"
"3961","P0"
"3962","RET/PTC2"
"3963","DEHAL1"
"3964","FKSG83"
"3965","AVPR1"
"3966","CCRL1"
"3967","MPP5"
"3968","Hosa(Biaka)-T2R4"
"3969","Hosa(Adygei)-T2R4"
"3970","EP3-I"
"3971","EP3f"
"3972","XKR7"
"3973","CT83"
"3974","GPR24"
"3975","LST3"
"3976","DKFZp686D0714"
"3977","IZUMO3"
"3978","DKFZp686P18250"
"3979","DKFZp666G172"
"3980","DKFZp666L2010"
"3981","DKFZp547I0910"
"3982","DKFZp781L0846"
"3983","DKFZp686O088"
"3984","DKFZp779L0468"
"3985","DKFZp686I11137"
"3986","dJ402G11.9"
"3987","OR4F3"
"3988","FPRL2"
"3989","DAT1"
"3990","ATGR2"
"3991","UNQ9373"
"3992","caveolin-2"
"3993","FP3184"
"3994","ATP6B1"
"3995","EDG1"
"3996","FKSG47"
"3997","SLC21A8"
"3998","NACAIS4"
"3999","6M1-16"
"4000","HTR4B"
"4001","OR8G2"
"4002","hCG_1646325"
"4003","hCG_39951"
"4004","GPCR"
"4005","hA2aR"
"4006","FKSG41"
"4007","HEL163"
"4008","TMEM16A"
"4009","MGRH"
"4010","EDG4"
"4011","FAM126A"
"4012","CXNT"
"4013","GSDMB-1"
"4014","GFRalpha-1"
"4015","TFCP2"
"4016","TCBA1"
"4017","CHRNA7-2"
"4018","GSDML"
"4019","MGC39518"
"4020","KIAA1529"
"4021","hCG_1648279"
"4022","RAET-1E"
"4023","thrombin"
"4024","LOC51057"
"4025","DKFZp686H1993"
"4026","KPG_011"
"4027","DKFZp686M05161"
"4028","hCG_2044349"
"4029","kcnj12x"
"4030","DKFZp686A1195"
"4031","SLC9A3R2"
"4032","GPR77"
"4033","HEL-215"
"4034","HUT11"
"4035","LOC57228"
"4036","UT-B1"
"4037","ZNF607"
"4038","MGRF"
"4039","MGRG1"
"4040","MGRE"
"4041","MGRC"
"4042","MGRG2"
